treatment,outcome,treatment_descr,outcome_descr,model,term,variable,var_label,var_class,var_type,var_nlevels,contrasts,contrasts_type,reference_row,label,estimate,std.error,robust.se,statistic,p.value,conf.low,conf.high,n,model_descr,period_id,term_left,term_right,term_midpoint,hr,hr.ll,hr.ul
pfizer,postest,BNT162b2,Positive SARS-CoV-2 test,0,treated_period_1,treated_period_1,treated_period_1,numeric,continuous,NA,NA,NA,NA,treated_period_1,-0.396056972266994,0.011991969260537411,0.011976007832170855,-33.07086783987197,7.798380578539608e-240,-0.41952951629661844,-0.37258442823736954,NA,Unadjusted,1,0,7,3.5,0.6729683543124317,0.6573560223678159,0.6889514821430743
pfizer,postest,BNT162b2,Positive SARS-CoV-2 test,0,treated_period_2,treated_period_2,treated_period_2,numeric,continuous,NA,NA,NA,NA,treated_period_2,-0.6912440972362905,0.016525817767021233,0.01656079580040257,-41.739787481679315,0,-0.7237026605604018,-0.6587855339121793,NA,Unadjusted,2,7,14,10.5,0.5009524476680055,0.48495331007737646,0.5174794142234539
pfizer,postest,BNT162b2,Positive SARS-CoV-2 test,0,treated_period_3,treated_period_3,treated_period_3,numeric,continuous,NA,NA,NA,NA,treated_period_3,-1.5316715199373545,0.02144070705433283,0.021439416152398163,-71.44184846498375,0,-1.5736920034456212,-1.4896510364290878,NA,Unadjusted,3,14,28,21,0.21617402596050947,0.20727849500397372,0.2254513161101403
pfizer,postest,BNT162b2,Positive SARS-CoV-2 test,0,treated_period_4,treated_period_4,treated_period_4,numeric,continuous,NA,NA,NA,NA,treated_period_4,-1.4003724259805475,0.030733887697168703,0.030730828793802435,-45.56897685307349,0,-1.4606037436314667,-1.3401411083296282,NA,Unadjusted,4,28,42,35,0.2465051419250241,0.2320961058751795,0.2618087225821676
pfizer,postest,BNT162b2,Positive SARS-CoV-2 test,0,treated_period_5,treated_period_5,treated_period_5,numeric,continuous,NA,NA,NA,NA,treated_period_5,-1.1496864984348536,0.041134072162623,0.04114148196909182,-27.944703093062458,7.645559374961773e-172,-1.2303223213648775,-1.0690506755048297,NA,Unadjusted,5,42,56,49,0.31673605106350505,0.29219838071993975,0.34333429841781893
pfizer,postest,BNT162b2,Positive SARS-CoV-2 test,0,treated_period_6,treated_period_6,treated_period_6,numeric,continuous,NA,NA,NA,NA,treated_period_6,-0.9468260021306858,0.06015130215419181,0.060153232711478204,-15.740234721416995,8.014583752997563e-56,-1.0647241717988396,-0.8289278324625319,NA,Unadjusted,6,56,70,63,0.3879704887669003,0.3448229535461501,0.4365170549294139
pfizer,postest,BNT162b2,Positive SARS-CoV-2 test,1,treated_period_1,treated_period_1,treated_period_1,numeric,continuous,NA,NA,NA,NA,treated_period_1,-0.40792474231895337,0.011994633103723775,0.01197056809125511,-34.07730854619637,1.5997580225265685e-254,-0.43138662465229777,-0.384462859985609,NA,region- and trial-stratified,1,0,7,3.5,0.6650289254739409,0.649607707863077,0.6808162316482917
pfizer,postest,BNT162b2,Positive SARS-CoV-2 test,1,treated_period_2,treated_period_2,treated_period_2,numeric,continuous,NA,NA,NA,NA,treated_period_2,-0.7194374594865528,0.016547253967999675,0.016598709140667967,-43.34297645615598,0,-0.7519703315921178,-0.6869045873809878,NA,region- and trial-stratified,2,7,14,10.5,0.4870261508552256,0.47143675030944904,0.503131059386362
pfizer,postest,BNT162b2,Positive SARS-CoV-2 test,1,treated_period_3,treated_period_3,treated_period_3,numeric,continuous,NA,NA,NA,NA,treated_period_3,-1.5877241836821692,0.02152436133389995,0.021548769424060255,-73.68050362585427,0,-1.629958995664485,-1.5454893716998532,NA,region- and trial-stratified,3,14,28,21,0.2043902374698994,0.19593760825362003,0.21320750796819046
pfizer,postest,BNT162b2,Positive SARS-CoV-2 test,1,treated_period_4,treated_period_4,treated_period_4,numeric,continuous,NA,NA,NA,NA,treated_period_4,-1.4770443866333358,0.03097984777647691,0.03112389040654521,-47.45693315777517,0,-1.5380460908889362,-1.4160426823777355,NA,region- and trial-stratified,4,28,42,35,0.22831149264028014,0.2148003921088418,0.24267245119934316
pfizer,postest,BNT162b2,Positive SARS-CoV-2 test,1,treated_period_5,treated_period_5,treated_period_5,numeric,continuous,NA,NA,NA,NA,treated_period_5,-1.1957759927344143,0.041355732340794336,0.04147044437359423,-28.834414745162686,7.946845248519428e-183,-1.2770565701295307,-1.1144954153392979,NA,region- and trial-stratified,5,42,56,49,0.3024691492282708,0.27885688935795655,0.3280807816708995
pfizer,postest,BNT162b2,Positive SARS-CoV-2 test,1,treated_period_6,treated_period_6,treated_period_6,numeric,continuous,NA,NA,NA,NA,treated_period_6,-0.9746312881466793,0.06029768240971746,0.060274698639126344,-16.16982432350169,8.233278263997956e-59,-1.0927675266583723,-0.8564950496349863,NA,region- and trial-stratified,6,56,70,63,0.37733145449740335,0.3352872919857611,0.42464784665674854
pfizer,postest,BNT162b2,Positive SARS-CoV-2 test,2,treated_period_1,treated_period_1,treated_period_1,numeric,continuous,NA,NA,NA,NA,treated_period_1,-0.38861286048838434,0.012048761706642729,0.012035616319038905,-32.28857170144625,1.0120807339716793e-228,-0.4122022350054431,-0.36502348597132556,NA,Demographic adjustment,1,0,7,3.5,0.6779966985232143,0.6621903444418362,0.6941803471867968
pfizer,postest,BNT162b2,Positive SARS-CoV-2 test,2,treated_period_2,treated_period_2,treated_period_2,numeric,continuous,NA,NA,NA,NA,treated_period_2,-0.6875822445722058,0.016606844391858392,0.016654061491835778,-41.28615983009762,0,-0.7202236052925194,-0.6549408838518923,NA,Demographic adjustment,2,7,14,10.5,0.5027902245034915,0.4866434277471289,0.5194727709086233
pfizer,postest,BNT162b2,Positive SARS-CoV-2 test,2,treated_period_3,treated_period_3,treated_period_3,numeric,continuous,NA,NA,NA,NA,treated_period_3,-1.5303118185017888,0.02159615320432019,0.021613553659916858,-70.8033413931282,0,-1.5726736052531496,-1.487950031750428,NA,Demographic adjustment,3,14,28,21,0.21646815801451239,0.20748969457300015,0.22583513620099288
pfizer,postest,BNT162b2,Positive SARS-CoV-2 test,2,treated_period_4,treated_period_4,treated_period_4,numeric,continuous,NA,NA,NA,NA,treated_period_4,-1.3789384494988033,0.031012469798116966,0.03105413129019481,-44.40434789860621,0,-1.4398034283987635,-1.318073470598843,NA,Demographic adjustment,4,28,42,35,0.25184575819962995,0.23697433652881425,0.26765044203609084
pfizer,postest,BNT162b2,Positive SARS-CoV-2 test,2,treated_period_5,treated_period_5,treated_period_5,numeric,continuous,NA,NA,NA,NA,treated_period_5,-1.087479809993447,0.04134906354108727,0.04133777933112018,-26.30716568692802,1.587846057543619e-152,-1.1685003686833069,-1.0064592513035873,NA,Demographic adjustment,5,42,56,49,0.33706489176732835,0.3108327264159805,0.36551087323435627
pfizer,postest,BNT162b2,Positive SARS-CoV-2 test,2,treated_period_6,treated_period_6,treated_period_6,numeric,continuous,NA,NA,NA,NA,treated_period_6,-0.8741432552864749,0.06032039536068496,0.06018265619447152,-14.52483673139663,8.434301640165662e-48,-0.9920990939215955,-0.7561874166513542,NA,Demographic adjustment,6,56,70,63,0.41721931704459714,0.3707975346957619,0.46945284751686794
pfizer,postest,BNT162b2,Positive SARS-CoV-2 test,3,treated_period_1,treated_period_1,treated_period_1,numeric,continuous,NA,NA,NA,NA,treated_period_1,-0.4028552094458896,0.01225901186859301,0.012230372253900619,-32.938916419114506,6.096890884537804e-238,-0.42682629858105275,-0.37888412031072644,NA,Full adjustment,1,0,7,3.5,0.6684088716084273,0.6525768959164285,0.6846249421954194
pfizer,postest,BNT162b2,Positive SARS-CoV-2 test,3,treated_period_2,treated_period_2,treated_period_2,numeric,continuous,NA,NA,NA,NA,treated_period_2,-0.7079819044658747,0.01677626362226586,0.016828818583922205,-42.06961415237201,0,-0.7409657827927206,-0.6749980261390288,NA,Full adjustment,2,7,14,10.5,0.49263738425607745,0.4766533495504002,0.5091574256125279
pfizer,postest,BNT162b2,Positive SARS-CoV-2 test,3,treated_period_3,treated_period_3,treated_period_3,numeric,continuous,NA,NA,NA,NA,treated_period_3,-1.5594914565113733,0.021746704169487156,0.021763474517553005,-71.65636421030055,0,-1.6021470827442323,-1.5168358302785143,NA,Full adjustment,3,14,28,21,0.21024296170843168,0.20146349449973727,0.2194050245067635
pfizer,postest,BNT162b2,Positive SARS-CoV-2 test,3,treated_period_4,treated_period_4,treated_period_4,numeric,continuous,NA,NA,NA,NA,treated_period_4,-1.4097642064211098,0.031132949667427818,0.031171054630829188,-45.226708660245556,0,-1.4708583508576654,-1.3486700619845542,NA,Full adjustment,4,28,42,35,0.24420085735948113,0.229728213125748,0.25958526348900524
pfizer,postest,BNT162b2,Positive SARS-CoV-2 test,3,treated_period_5,treated_period_5,treated_period_5,numeric,continuous,NA,NA,NA,NA,treated_period_5,-1.1131206831627176,0.041432863267757206,0.041404222898421016,-26.884230767803334,3.358141577664399e-159,-1.1942714688514915,-1.0319698974739437,NA,Full adjustment,5,42,56,49,0.32853211503815044,0.30292456379227006,0.3563043856867798
pfizer,postest,BNT162b2,Positive SARS-CoV-2 test,3,treated_period_6,treated_period_6,treated_period_6,numeric,continuous,NA,NA,NA,NA,treated_period_6,-0.8985141548281037,0.06037521296609851,0.06020521923915523,-14.92419039716317,2.294029731348598e-50,-1.016514216218186,-0.7805140934380215,NA,Full adjustment,6,56,70,63,0.40717420832814055,0.3618540894534474,0.4581704083490178
pfizer,covidemergency,BNT162b2,COVID-19 A&E attendance,0,treated_period_1,treated_period_1,treated_period_1,numeric,continuous,NA,NA,NA,NA,treated_period_1,-1.1133969042039487,0.14462821653746238,0.14453369914831568,-7.703372367584793,1.3252146357759553e-14,-1.3966777490869948,-0.8301160593209025,NA,Unadjusted,1,0,7,3.5,0.32844138008728496,0.24741758332716868,0.43599868167411243
pfizer,covidemergency,BNT162b2,COVID-19 A&E attendance,0,treated_period_2,treated_period_2,treated_period_2,numeric,continuous,NA,NA,NA,NA,treated_period_2,-1.0239989690578573,0.13734241455985866,0.13768761245235644,-7.437117623142663,1.0290591753351747e-13,-1.2938617305817846,-0.75413620753393,NA,Unadjusted,2,7,14,10.5,0.35915581159807575,0.2742098114003515,0.4704167817552684
pfizer,covidemergency,BNT162b2,COVID-19 A&E attendance,0,treated_period_3,treated_period_3,treated_period_3,numeric,continuous,NA,NA,NA,NA,treated_period_3,-1.8199965857268299,0.15488512168083862,0.15504874072674468,-11.738222298331088,8.117477391316494e-32,-2.123886533399538,-1.5161066380541217,NA,Unadjusted,3,14,28,21,0.16202630413499944,0.11956602695233254,0.21956507128996972
pfizer,covidemergency,BNT162b2,COVID-19 A&E attendance,0,treated_period_4,treated_period_4,treated_period_4,numeric,continuous,NA,NA,NA,NA,treated_period_4,-2.7560331927551185,0.32946547924474584,0.3294281608757461,-8.366112919516436,5.955013076588344e-17,-3.4017005235648474,-2.1103658619453896,NA,Unadjusted,4,28,42,35,0.06354333322970959,0.03331656615506564,0.12119361818828957
pfizer,covidemergency,BNT162b2,COVID-19 A&E attendance,0,treated_period_5,treated_period_5,treated_period_5,numeric,continuous,NA,NA,NA,NA,treated_period_5,-1.9984381842388257,0.34330577653053423,0.3434036123045967,-5.819502511424441,5.902303721037247e-9,-2.671496896516791,-1.3253794719608605,NA,Unadjusted,5,42,56,49,0.1355468171605238,0.0691486394425041,0.26570211345409417
pfizer,covidemergency,BNT162b2,COVID-19 A&E attendance,0,treated_period_6,treated_period_6,treated_period_6,numeric,continuous,NA,NA,NA,NA,treated_period_6,-2.4445676115171855,0.6085810143319824,0.6085571211670967,-4.016989574994982,5.894633071828831e-5,-3.6373176515400725,-1.2518175714942985,NA,Unadjusted,6,56,70,63,0.08676364239194069,0.026322856427312184,0.2859845268656218
pfizer,covidemergency,BNT162b2,COVID-19 A&E attendance,1,treated_period_1,treated_period_1,treated_period_1,numeric,continuous,NA,NA,NA,NA,treated_period_1,-1.1073468893048368,0.14464595695268642,0.14439368041990366,-7.668942893377464,1.7341961973160335e-14,-1.3903533025230344,-0.8243404760866393,NA,region- and trial-stratified,1,0,7,3.5,0.33043447838811435,0.24898732124140835,0.4385241142530379
pfizer,covidemergency,BNT162b2,COVID-19 A&E attendance,1,treated_period_2,treated_period_2,treated_period_2,numeric,continuous,NA,NA,NA,NA,treated_period_2,-1.002825165043308,0.1374487104453019,0.13799553787487653,-7.267083997691221,3.673304124445173e-13,-1.273291449305299,-0.7323588807813171,NA,region- and trial-stratified,2,7,14,10.5,0.3668415877779639,0.27990879827848303,0.4807735639290991
pfizer,covidemergency,BNT162b2,COVID-19 A&E attendance,1,treated_period_3,treated_period_3,treated_period_3,numeric,continuous,NA,NA,NA,NA,treated_period_3,-1.7941242425164818,0.15529288247905795,0.15686210056277208,-11.437589042093188,2.713207048632022e-30,-2.1015683101588154,-1.4866801748741485,NA,region- and trial-stratified,3,14,28,21,0.1662730034308666,0.12226452911056064,0.2261220966623996
pfizer,covidemergency,BNT162b2,COVID-19 A&E attendance,1,treated_period_4,treated_period_4,treated_period_4,numeric,continuous,NA,NA,NA,NA,treated_period_4,-2.759686633182731,0.33012050184225444,0.33182257076720123,-8.316753820579798,9.040526158487555e-17,-3.4100469211439384,-2.1093263452215236,NA,region- and trial-stratified,4,28,42,35,0.0633116050075622,0.033039650081339286,0.12131966648452751
pfizer,covidemergency,BNT162b2,COVID-19 A&E attendance,1,treated_period_5,treated_period_5,treated_period_5,numeric,continuous,NA,NA,NA,NA,treated_period_5,-2.0022326072048977,0.3443536296134697,0.3425687716170812,-5.844761032225572,5.072959774632781e-9,-2.6736550618025037,-1.3308101526072917,NA,region- and trial-stratified,5,42,56,49,0.13503346974903185,0.06899956616954764,0.26426308112803953
pfizer,covidemergency,BNT162b2,COVID-19 A&E attendance,1,treated_period_6,treated_period_6,treated_period_6,numeric,continuous,NA,NA,NA,NA,treated_period_6,-2.447562839064576,0.6088128354746469,0.6067659967323508,-4.033783785257524,5.488582377942886e-5,-3.6368023397035314,-1.2583233384256207,NA,region- and trial-stratified,6,56,70,63,0.08650415434700391,0.02633642440236958,0.28413001723259773
pfizer,covidemergency,BNT162b2,COVID-19 A&E attendance,2,treated_period_1,treated_period_1,treated_period_1,numeric,continuous,NA,NA,NA,NA,treated_period_1,-1.0914000912930784,0.14478739239393423,0.14485723106250867,-7.5343155691145185,4.909027915649003e-14,-1.375315047075792,-0.8074851355103647,NA,Demographic adjustment,1,0,7,3.5,0.3357460893027031,0.2527599519758802,0.44597823191870045
pfizer,covidemergency,BNT162b2,COVID-19 A&E attendance,2,treated_period_2,treated_period_2,treated_period_2,numeric,continuous,NA,NA,NA,NA,treated_period_2,-0.9829329589319915,0.13770536420443372,0.13848522728121657,-7.09774593456086,1.2680802134043404e-12,-1.2543590167940197,-0.7115069010699633,NA,Demographic adjustment,2,7,14,10.5,0.3742119394943115,0.2852586356311667,0.490903896214227
pfizer,covidemergency,BNT162b2,COVID-19 A&E attendance,2,treated_period_3,treated_period_3,treated_period_3,numeric,continuous,NA,NA,NA,NA,treated_period_3,-1.7711247201102283,0.1557836048098983,0.15801941557205587,-11.208272816972965,3.713692890651536e-29,-2.0808370834895253,-1.4614123567309312,NA,Demographic adjustment,3,14,28,21,0.1701415195822803,0.12482567893824521,0.23190850578180258
pfizer,covidemergency,BNT162b2,COVID-19 A&E attendance,2,treated_period_4,treated_period_4,treated_period_4,numeric,continuous,NA,NA,NA,NA,treated_period_4,-2.745835440303684,0.3306062945252262,0.3342740533537738,-8.21432418327028,2.1336245342545376e-16,-3.401000545843301,-2.0906703347640674,NA,Demographic adjustment,4,28,42,35,0.06419464773959638,0.033339895173076506,0.1236042518135667
pfizer,covidemergency,BNT162b2,COVID-19 A&E attendance,2,treated_period_5,treated_period_5,treated_period_5,numeric,continuous,NA,NA,NA,NA,treated_period_5,-1.9850084864200213,0.3450130525431718,0.34159053709812093,-5.811075749589143,6.207266679061706e-9,-2.654513636592031,-1.3155033362480113,NA,Demographic adjustment,5,42,56,49,0.13737944825230708,0.07033303776389888,0.2683392243836178
pfizer,covidemergency,BNT162b2,COVID-19 A&E attendance,2,treated_period_6,treated_period_6,treated_period_6,numeric,continuous,NA,NA,NA,NA,treated_period_6,-2.4391587293050097,0.6091868285591606,0.6092561393968144,-4.003502913766064,6.241143211570893e-5,-3.6332788198826806,-1.2450386387273389,NA,Demographic adjustment,6,56,70,63,0.08723420818417056,0.026429384993828,0.28792978267546937
pfizer,covidemergency,BNT162b2,COVID-19 A&E attendance,3,treated_period_1,treated_period_1,treated_period_1,numeric,continuous,NA,NA,NA,NA,treated_period_1,-0.9713677452707898,0.14639443945870087,0.14627175102084033,-6.640843077980193,3.1189395730497317e-11,-1.2580551092272467,-0.684680381314333,NA,Full adjustment,1,0,7,3.5,0.3785649034896541,0.2842062394214053,0.5042513719821502
pfizer,covidemergency,BNT162b2,COVID-19 A&E attendance,3,treated_period_2,treated_period_2,treated_period_2,numeric,continuous,NA,NA,NA,NA,treated_period_2,-0.8627432709657058,0.139444898636328,0.14029644032740088,-6.14943094031735,7.776143494875431e-10,-1.1377192411665842,-0.5877673007648273,NA,Full adjustment,2,7,14,10.5,0.42200282486919183,0.32054928433519086,0.5555663135137655
pfizer,covidemergency,BNT162b2,COVID-19 A&E attendance,3,treated_period_3,treated_period_3,treated_period_3,numeric,continuous,NA,NA,NA,NA,treated_period_3,-1.6289395286246224,0.15744078057092953,0.1597890898738772,-10.194310074050472,2.1023188966578176e-24,-1.9421203898998556,-1.3157586673493893,NA,Full adjustment,3,14,28,21,0.1961374620419699,0.14339956419612582,0.26827071778021844
pfizer,covidemergency,BNT162b2,COVID-19 A&E attendance,3,treated_period_4,treated_period_4,treated_period_4,numeric,continuous,NA,NA,NA,NA,treated_period_4,-2.5872737128202496,0.33137721296427963,0.3347133410538894,-7.7298195066676305,1.0769917397983205e-14,-3.2432998064309446,-1.9312476192095547,NA,Full adjustment,4,28,42,35,0.07522484531091274,0.03903487481413359,0.14496722172148077
pfizer,covidemergency,BNT162b2,COVID-19 A&E attendance,3,treated_period_5,treated_period_5,treated_period_5,numeric,continuous,NA,NA,NA,NA,treated_period_5,-1.8296368397964649,0.34568095537879345,0.3423378022681474,-5.344536383870751,9.064876737789308e-8,-2.5006066027886282,-1.1586670768043015,NA,Full adjustment,5,42,56,49,0.16047183417847485,0.08203522073405878,0.31390431249138745
pfizer,covidemergency,BNT162b2,COVID-19 A&E attendance,3,treated_period_6,treated_period_6,treated_period_6,numeric,continuous,NA,NA,NA,NA,treated_period_6,-2.2850130481731856,0.6096167097374892,0.605539650665607,-3.77351515406383,1.6096343733970373e-4,-3.471848954688741,-1.0981771416576305,NA,Full adjustment,6,56,70,63,0.10177273414935929,0.031059549837415084,0.3334784139002246
pfizer,covidadmitted,BNT162b2,COVID-19 hospitalisation,0,treated_period_1,treated_period_1,treated_period_1,numeric,continuous,NA,NA,NA,NA,treated_period_1,-1.4613906751753645,0.10036109720795908,0.10027272874860294,-14.574158830755122,4.101433250270262e-48,-1.6579216121541802,-1.2648597381965487,NA,Unadjusted,1,0,7,3.5,0.2319135339734664,0.19053457360273887,0.28227888630963416
pfizer,covidadmitted,BNT162b2,COVID-19 hospitalisation,0,treated_period_2,treated_period_2,treated_period_2,numeric,continuous,NA,NA,NA,NA,treated_period_2,-1.22944363995681,0.08977193611891796,0.08985685568125322,-13.682246397737108,1.2962532070939098e-42,-1.4055598408560797,-1.0533274390575404,NA,Unadjusted,2,7,14,10.5,0.29245524283800306,0.2452297283945037,0.34877528765942356
pfizer,covidadmitted,BNT162b2,COVID-19 hospitalisation,0,treated_period_3,treated_period_3,treated_period_3,numeric,continuous,NA,NA,NA,NA,treated_period_3,-1.9583667952266819,0.09849528254928923,0.09865867976514729,-19.849918931496845,1.1037891908469812e-87,-2.151734254328641,-1.7649993361247227,NA,Unadjusted,3,14,28,21,0.1410886595286744,0.11628231968853442,0.171186900131654
pfizer,covidadmitted,BNT162b2,COVID-19 hospitalisation,0,treated_period_4,treated_period_4,treated_period_4,numeric,continuous,NA,NA,NA,NA,treated_period_4,-2.5608198523139083,0.18019454383382952,0.18018168029801604,-14.212431852552244,7.671448458451202e-46,-2.91396945637193,-2.2076702482558868,NA,Unadjusted,4,28,42,35,0.0772413879463654,0.05425991944454721,0.1099565217375289
pfizer,covidadmitted,BNT162b2,COVID-19 hospitalisation,0,treated_period_5,treated_period_5,treated_period_5,numeric,continuous,NA,NA,NA,NA,treated_period_5,-2.3435540695263084,0.2435135066554011,0.2435152951792215,-9.623847519727695,6.341377633531694e-22,-2.8208352777622228,-1.866272861290394,NA,Unadjusted,5,42,56,49,0.09598589076377463,0.05955617597791359,0.15469917392164376
pfizer,covidadmitted,BNT162b2,COVID-19 hospitalisation,0,treated_period_6,treated_period_6,treated_period_6,numeric,continuous,NA,NA,NA,NA,treated_period_6,-2.3814457554245596,0.3997580173231245,0.39976000458760036,-5.957188633418449,2.5661399147682634e-9,-3.1649609668758227,-1.5979305439732963,NA,Unadjusted,6,56,70,63,0.0924168686892782,0.04221578959610476,0.20231476658485514
pfizer,covidadmitted,BNT162b2,COVID-19 hospitalisation,1,treated_period_1,treated_period_1,treated_period_1,numeric,continuous,NA,NA,NA,NA,treated_period_1,-1.4460086621660129,0.1003645668974551,0.10036000164599429,-14.408216804007276,4.594193721149252e-47,-1.6427106508805422,-1.2493066734514835,NA,region- and trial-stratified,1,0,7,3.5,0.2355084082912992,0.19345494212158665,0.28670350711971976
pfizer,covidadmitted,BNT162b2,COVID-19 hospitalisation,1,treated_period_2,treated_period_2,treated_period_2,numeric,continuous,NA,NA,NA,NA,treated_period_2,-1.191235741815659,0.08981736351080045,0.08969418403907287,-13.281081204738191,2.9805912048511377e-40,-1.367033112154949,-1.0154383714763688,NA,region- and trial-stratified,2,7,14,10.5,0.3038455573155661,0.25486198588783004,0.3622435977605535
pfizer,covidadmitted,BNT162b2,COVID-19 hospitalisation,1,treated_period_3,treated_period_3,treated_period_3,numeric,continuous,NA,NA,NA,NA,treated_period_3,-1.8942775620545445,0.09869517729540107,0.09935663538505789,-19.065435888738058,4.891841797777875e-81,-2.0890129890343356,-1.699542135074753,NA,region- and trial-stratified,3,14,28,21,0.1504269699517996,0.12380927664407017,0.18276718758265523
pfizer,covidadmitted,BNT162b2,COVID-19 hospitalisation,1,treated_period_4,treated_period_4,treated_period_4,numeric,continuous,NA,NA,NA,NA,treated_period_4,-2.518446701416619,0.18068005883178545,0.1787753160642837,-14.087217166552458,4.5514650815169865e-45,-2.86883988222738,-2.168053520605858,NA,region- and trial-stratified,4,28,42,35,0.08058468165690637,0.05676474218180382,0.11440007772688493
pfizer,covidadmitted,BNT162b2,COVID-19 hospitalisation,1,treated_period_5,treated_period_5,treated_period_5,numeric,continuous,NA,NA,NA,NA,treated_period_5,-2.3153643119793963,0.24405902726642864,0.24372571826120884,-9.499876863622346,2.1013863882199167e-21,-2.793057941877522,-1.837670682081271,NA,region- and trial-stratified,5,42,56,49,0.09873020885162734,0.06123367829545073,0.15918779356768017
pfizer,covidadmitted,BNT162b2,COVID-19 hospitalisation,1,treated_period_6,treated_period_6,treated_period_6,numeric,continuous,NA,NA,NA,NA,treated_period_6,-2.3684678069325122,0.39990218239277064,0.400959921260715,-5.906993894765034,3.4840665854445665e-9,-3.154334811847529,-1.582600802017495,NA,region- and trial-stratified,6,56,70,63,0.09362406658327407,0.042666772987144753,0.2054400937757895
pfizer,covidadmitted,BNT162b2,COVID-19 hospitalisation,2,treated_period_1,treated_period_1,treated_period_1,numeric,continuous,NA,NA,NA,NA,treated_period_1,-1.4537605102593567,0.10041826713053598,0.10048687706511886,-14.467167780697089,1.9535189641485692e-47,-1.6507111702258936,-1.2568098502928198,NA,Demographic adjustment,1,0,7,3.5,0.23368984062232115,0.19191337699822425,0.2845603702267777
pfizer,covidadmitted,BNT162b2,COVID-19 hospitalisation,2,treated_period_2,treated_period_2,treated_period_2,numeric,continuous,NA,NA,NA,NA,treated_period_2,-1.20179614201056,0.08993672216101346,0.0898276445234362,-13.37891189718338,8.031450738567235e-41,-1.3778550900925617,-1.0257371939285584,NA,Demographic adjustment,2,7,14,10.5,0.3006537098893547,0.2521187455156862,0.35853206030095947
pfizer,covidadmitted,BNT162b2,COVID-19 hospitalisation,2,treated_period_3,treated_period_3,treated_period_3,numeric,continuous,NA,NA,NA,NA,treated_period_3,-1.9161815117608354,0.09897327834959882,0.09989415566279303,-19.182118303589046,5.2209373174827744e-82,-2.1119704591259474,-1.7203925643957232,NA,Demographic adjustment,3,14,28,21,0.14716784927999918,0.12099930718737671,0.1789958667131945
pfizer,covidadmitted,BNT162b2,COVID-19 hospitalisation,2,treated_period_4,treated_period_4,treated_period_4,numeric,continuous,NA,NA,NA,NA,treated_period_4,-2.557299196715888,0.1810851974698845,0.1793834574911837,-14.256048090953836,4.11083753306484e-46,-2.90888431282088,-2.205714080610896,NA,Demographic adjustment,4,28,42,35,0.07751380753763008,0.05453654165973766,0.11017182564431904
pfizer,covidadmitted,BNT162b2,COVID-19 hospitalisation,2,treated_period_5,treated_period_5,treated_period_5,numeric,continuous,NA,NA,NA,NA,treated_period_5,-2.3561123122096514,0.2445423460660325,0.24440092989128068,-9.640357396584966,5.399963892363453e-22,-2.83512933258466,-1.8770952918346426,NA,Demographic adjustment,5,42,56,49,0.09478801400987627,0.058710932106227555,0.15303397983326306
pfizer,covidadmitted,BNT162b2,COVID-19 hospitalisation,2,treated_period_6,treated_period_6,treated_period_6,numeric,continuous,NA,NA,NA,NA,treated_period_6,-2.4195254537434168,0.4003074976057543,0.40163663649355413,-6.024165212782444,1.6998466375532506e-9,-3.2067187961425883,-1.6323321113442453,NA,Demographic adjustment,6,56,70,63,0.08896382489397898,0.04048924903065316,0.19547317693580052
pfizer,covidadmitted,BNT162b2,COVID-19 hospitalisation,3,treated_period_1,treated_period_1,treated_period_1,numeric,continuous,NA,NA,NA,NA,treated_period_1,-1.380561976364627,0.10116350887921308,0.10146662493207784,-13.606069752381936,3.685362249316628e-42,-1.5794329068643336,-1.1816910458649206,NA,Full adjustment,1,0,7,3.5,0.25143721157809573,0.2060919383956975,0.30675955526598075
pfizer,covidadmitted,BNT162b2,COVID-19 hospitalisation,3,treated_period_2,treated_period_2,treated_period_2,numeric,continuous,NA,NA,NA,NA,treated_period_2,-1.121765636424415,0.09079220709083517,0.09062911322122076,-12.377541791523942,3.4577178379003416e-35,-1.2993954342888105,-0.9441358385600196,NA,Full adjustment,2,7,14,10.5,0.32570421141796885,0.27269660622647246,0.3890155979693404
pfizer,covidadmitted,BNT162b2,COVID-19 hospitalisation,3,treated_period_3,treated_period_3,treated_period_3,numeric,continuous,NA,NA,NA,NA,treated_period_3,-1.8214692604424498,0.09977873744068326,0.1005894028825889,-18.107963744138395,2.7576153787826594e-73,-2.0186208673187136,-1.624317653566186,NA,Full adjustment,3,14,28,21,0.16178786770637715,0.13283854078118862,0.19704608303468288
pfizer,covidadmitted,BNT162b2,COVID-19 hospitalisation,3,treated_period_4,treated_period_4,treated_period_4,numeric,continuous,NA,NA,NA,NA,treated_period_4,-2.4451463340337503,0.1815291960566161,0.17987875361969308,-13.59330262652018,4.3882329244508864e-42,-2.7977022127123026,-2.092590455355198,NA,Full adjustment,4,28,42,35,0.08671344484509563,0.060949951870397666,0.12336714445471773
pfizer,covidadmitted,BNT162b2,COVID-19 hospitalisation,3,treated_period_5,treated_period_5,treated_period_5,numeric,continuous,NA,NA,NA,NA,treated_period_5,-2.235330343912486,0.244915216213484,0.24489129319683756,-9.12784735925986,6.987480916978017e-20,-2.715308458705726,-1.7553522291192456,NA,Full adjustment,5,42,56,49,0.10695679149156127,0.06618453466222601,0.17284635005069254
pfizer,covidadmitted,BNT162b2,COVID-19 hospitalisation,3,treated_period_6,treated_period_6,treated_period_6,numeric,continuous,NA,NA,NA,NA,treated_period_6,-2.285303674089933,0.4007505728387408,0.3995865445422537,-5.719170741116577,1.0704518822379068e-8,-3.06847891009956,-1.502128438080306,NA,Full adjustment,6,56,70,63,0.10174316065281767,0.04649181933714008,0.22265574647786726
pfizer,coviddeath,BNT162b2,COVID-19 death,0,treated_period_1,treated_period_1,treated_period_1,numeric,continuous,NA,NA,NA,NA,treated_period_1,-2.343668653330205,0.7416249657617009,0.7409935631031243,-3.1628731611586702,0.0015622037955266759,-3.795989349788336,-0.8913479568720741,NA,Unadjusted,1,0,7,3.5,0.09597489296538733,0.022460673358277047,0.41010257941902334
pfizer,coviddeath,BNT162b2,COVID-19 death,0,treated_period_2,treated_period_2,treated_period_2,numeric,continuous,NA,NA,NA,NA,treated_period_2,-1.5066453229054417,0.3095137195087418,0.3092264239093507,-4.8723045846402595,1.1030393923654033e-6,-2.112717976835884,-0.9005726689749991,NA,Unadjusted,2,7,14,10.5,0.2216523040383756,0.12090889186010348,0.4063368965647756
pfizer,coviddeath,BNT162b2,COVID-19 death,0,treated_period_3,treated_period_3,treated_period_3,numeric,continuous,NA,NA,NA,NA,treated_period_3,-1.9705061692248191,0.21245541697054623,0.21290873230070798,-9.25516839037732,2.138929925785104e-20,-2.3877996165282864,-1.5532127219213518,NA,Unadjusted,3,14,28,21,0.1393862853081622,0.09183152630335797,0.2115671743038203
pfizer,coviddeath,BNT162b2,COVID-19 death,0,treated_period_4,treated_period_4,treated_period_4,numeric,continuous,NA,NA,NA,NA,treated_period_4,-2.7815326718931535,0.31382359955428474,0.3138315029564309,-8.863140397601551,7.779151579015812e-19,-3.3966311149018336,-2.1664342288844733,NA,Unadjusted,4,28,42,35,0.06194349553040074,0.03348589026809654,0.11458547489120961
pfizer,coviddeath,BNT162b2,COVID-19 death,0,treated_period_5,treated_period_5,treated_period_5,numeric,continuous,NA,NA,NA,NA,treated_period_5,-3.103138125730408,0.5144974601807607,0.5144575947878319,-6.031863767139402,1.62079391795797e-9,-4.111456483087659,-2.0948197683731564,NA,Unadjusted,5,42,56,49,0.04490805391905592,0.016383894275001563,0.12309242680319
pfizer,coviddeath,BNT162b2,COVID-19 death,0,treated_period_6,treated_period_6,treated_period_6,numeric,continuous,NA,NA,NA,NA,treated_period_6,-2.688080882557716,0.7372101943033921,0.7373238082678588,-3.6457264127583633,2.6663753482262083e-4,-4.133208991706635,-1.242952773408797,NA,Unadjusted,6,56,70,63,0.06801133594966093,0.016031351717072304,0.288530992226423
pfizer,coviddeath,BNT162b2,COVID-19 death,1,treated_period_1,treated_period_1,treated_period_1,numeric,continuous,NA,NA,NA,NA,treated_period_1,-2.316166932860722,0.7416337158331484,0.7402695888437317,-3.1288154582690235,0.0017551250012511784,-3.7670686658447097,-0.8652651998767342,NA,region- and trial-stratified,1,0,7,3.5,0.09865099771689308,0.02311973572449518,0.42093990461263986
pfizer,coviddeath,BNT162b2,COVID-19 death,1,treated_period_2,treated_period_2,treated_period_2,numeric,continuous,NA,NA,NA,NA,treated_period_2,-1.451028970955555,0.3096262011876482,0.30980271119698666,-4.683719407584283,2.8171559356134414e-6,-2.0582311272145124,-0.8438268146965976,NA,region- and trial-stratified,2,7,14,10.5,0.23432904621704037,0.12767961926725063,0.43006160431958695
pfizer,coviddeath,BNT162b2,COVID-19 death,1,treated_period_3,treated_period_3,treated_period_3,numeric,continuous,NA,NA,NA,NA,treated_period_3,-1.8851795727691436,0.21292349321348303,0.21479516692325085,-8.776638691515545,1.6843302353887534e-18,-2.3061703639919844,-1.4641887815463028,NA,region- and trial-stratified,3,14,28,21,0.1518017975126146,0.09964211484120593,0.23126552226219244
pfizer,coviddeath,BNT162b2,COVID-19 death,1,treated_period_4,treated_period_4,treated_period_4,numeric,continuous,NA,NA,NA,NA,treated_period_4,-2.711098400165719,0.31451937824687726,0.3155661597115939,-8.591220309058105,8.605045718580598e-18,-3.3295967079400577,-2.0926000923913803,NA,region- and trial-stratified,4,28,42,35,0.06646376279856349,0.03580754305389668,0.12336595556681158
pfizer,coviddeath,BNT162b2,COVID-19 death,1,treated_period_5,treated_period_5,treated_period_5,numeric,continuous,NA,NA,NA,NA,treated_period_5,-3.1125802868508265,0.5152778585473307,0.5156325836453552,-6.036430562331598,1.5756050423888063e-9,-4.1232015800510595,-2.1019589936505936,NA,region- and trial-stratified,5,42,56,49,0.04448602042796575,0.016192589493865397,0.12221677170702916
pfizer,coviddeath,BNT162b2,COVID-19 death,1,treated_period_6,treated_period_6,treated_period_6,numeric,continuous,NA,NA,NA,NA,treated_period_6,-2.685615108886811,0.7374307621119875,0.7407395638723284,-3.625586157228258,2.8830675170158656e-4,-4.137437976000482,-1.2337922417731406,NA,region- and trial-stratified,6,56,70,63,0.06817924343702575,0.01596369853540053,0.2911862326475954
pfizer,coviddeath,BNT162b2,COVID-19 death,2,treated_period_1,treated_period_1,treated_period_1,numeric,continuous,NA,NA,NA,NA,treated_period_1,-2.3364752584146635,0.7417168890042805,0.7404649025837551,-3.155416617670655,0.0016026906961988854,-3.7877597992947827,-0.8851907175345444,NA,Demographic adjustment,1,0,7,3.5,0.09666776734425576,0.022646277274690485,0.41263546895483627
pfizer,coviddeath,BNT162b2,COVID-19 death,2,treated_period_2,treated_period_2,treated_period_2,numeric,continuous,NA,NA,NA,NA,treated_period_2,-1.497901047010431,0.3099869290041903,0.31081083223592093,-4.8193334712139295,1.4403862381109806e-6,-2.107079084197757,-0.8887230098231053,NA,Demographic adjustment,2,7,14,10.5,0.2235989917207277,0.12159261001524582,0.4111804910862367
pfizer,coviddeath,BNT162b2,COVID-19 death,2,treated_period_3,treated_period_3,treated_period_3,numeric,continuous,NA,NA,NA,NA,treated_period_3,-1.9479418329472757,0.21371275568496803,0.2165170896602187,-8.996711696079926,2.325793060445037e-19,-2.372307530718734,-1.5235761351758175,NA,Demographic adjustment,3,14,28,21,0.14256719694010792,0.09326526531756017,0.21793114053933435
pfizer,coviddeath,BNT162b2,COVID-19 death,2,treated_period_4,treated_period_4,treated_period_4,numeric,continuous,NA,NA,NA,NA,treated_period_4,-2.8112899079815925,0.31551922484083916,0.31842404658012974,-8.828761326836998,1.0584130460887122e-18,-3.435389571090151,-2.187190244873034,NA,Demographic adjustment,4,28,42,35,0.06012738355704384,0.03221285858875959,0.11223164946551487
pfizer,coviddeath,BNT162b2,COVID-19 death,2,treated_period_5,treated_period_5,treated_period_5,numeric,continuous,NA,NA,NA,NA,treated_period_5,-3.2202718933915753,0.5162487963356691,0.5152796312548261,-6.249561787547204,4.1160588741684107e-10,-4.230201412618114,-2.2103423741650365,NA,Demographic adjustment,5,42,56,49,0.039944196221078136,0.014549459808489864,0.10966309627639702
pfizer,coviddeath,BNT162b2,COVID-19 death,2,treated_period_6,treated_period_6,treated_period_6,numeric,continuous,NA,NA,NA,NA,treated_period_6,-2.764922101903874,0.7379572215871977,0.7321556507637003,-3.776412978606156,1.591031108412624e-4,-4.199920808478212,-1.3299233953295362,NA,Demographic adjustment,6,56,70,63,0.06298100525733374,0.014996764390048309,0.26449752226930356
pfizer,coviddeath,BNT162b2,COVID-19 death,3,treated_period_1,treated_period_1,treated_period_1,numeric,continuous,NA,NA,NA,NA,treated_period_1,-2.2700187076456446,0.7422639300471097,0.7428123390316642,-3.05597872890057,0.0022432716981922326,-3.7259041394196624,-0.8141332758716269,NA,Full adjustment,1,0,7,3.5,0.1033102473735227,0.0240913086750661,0.44302313985228836
pfizer,coviddeath,BNT162b2,COVID-19 death,3,treated_period_2,treated_period_2,treated_period_2,numeric,continuous,NA,NA,NA,NA,treated_period_2,-1.428108255506452,0.31132585029649873,0.3130303943492072,-4.562203163930777,5.061962980199535e-6,-2.041636554497268,-0.8145799565156355,NA,Full adjustment,2,7,14,10.5,0.23976206205690173,0.12981608584055115,0.4428252941810739
pfizer,coviddeath,BNT162b2,COVID-19 death,3,treated_period_3,treated_period_3,treated_period_3,numeric,continuous,NA,NA,NA,NA,treated_period_3,-1.84667517408674,0.21556040206590332,0.21795834545349776,-8.472605947913728,2.3996325089499306e-17,-2.273865681305535,-1.419484666867945,NA,Full adjustment,3,14,28,21,0.15776082256926394,0.10291357904857683,0.24183861223972228
pfizer,coviddeath,BNT162b2,COVID-19 death,3,treated_period_4,treated_period_4,treated_period_4,numeric,continuous,NA,NA,NA,NA,treated_period_4,-2.6932959512187225,0.3168687624652661,0.3205082423601685,-8.403203397783928,4.344612299690707e-17,-3.3214805629928876,-2.0651113394445573,NA,Full adjustment,4,28,42,35,0.06765757540748187,0.03609934481442557,0.12680417147598405
pfizer,coviddeath,BNT162b2,COVID-19 death,3,treated_period_5,treated_period_5,treated_period_5,numeric,continuous,NA,NA,NA,NA,treated_period_5,-3.057644741280654,0.5172013608646316,0.517356558864939,-5.9101304291744405,3.418369571607192e-9,-4.071644963821511,-2.0436445187397974,NA,Full adjustment,5,42,56,49,0.046998258023879455,0.017049319913464193,0.12955568131106432
pfizer,coviddeath,BNT162b2,COVID-19 death,3,treated_period_6,treated_period_6,treated_period_6,numeric,continuous,NA,NA,NA,NA,treated_period_6,-2.5823540586146736,0.738790861666363,0.739360347609105,-3.492686708132673,4.7818717308261566e-4,-4.031473711525534,-1.133234405703813,NA,Full adjustment,6,56,70,63,0.07559583736556164,0.017748155010642988,0.32199012368178614
moderna,postest,mRNA-1273,Positive SARS-CoV-2 test,0,treated_period_1,treated_period_1,treated_period_1,numeric,continuous,NA,NA,NA,NA,treated_period_1,-0.3913961528170393,0.018484709023124216,0.018387826961968994,-21.285612140387908,1.5431864655043144e-100,-0.4274356314164531,-0.35535667421762557,NA,Unadjusted,1,0,7,3.5,0.6761122592026315,0.6521793805080179,0.7009233973144088
moderna,postest,mRNA-1273,Positive SARS-CoV-2 test,0,treated_period_2,treated_period_2,treated_period_2,numeric,continuous,NA,NA,NA,NA,treated_period_2,-0.8777311862996771,0.028979852119432065,0.02926824211067077,-29.989200683141444,1.3572315271946153e-197,-0.9350958867273903,-0.8203664858719638,NA,Unadjusted,2,7,14,10.5,0.4157250451928361,0.39254822356236435,0.4402702721010492
moderna,postest,mRNA-1273,Positive SARS-CoV-2 test,0,treated_period_3,treated_period_3,treated_period_3,numeric,continuous,NA,NA,NA,NA,treated_period_3,-1.8618114893547049,0.04425180470531124,0.04424480418291517,-42.07977690798846,0,-1.9485297120562457,-1.775093266653164,NA,Unadjusted,3,14,28,21,0.15539088632048328,0.14248340929431877,0.16946764308248585
moderna,postest,mRNA-1273,Positive SARS-CoV-2 test,0,treated_period_4,treated_period_4,treated_period_4,numeric,continuous,NA,NA,NA,NA,treated_period_4,-2.042114191396358,0.11940068887170377,0.11902760857024437,-17.15664303371432,5.606184228330779e-66,-2.275404017359968,-1.808824365432748,NA,Unadjusted,4,28,42,35,0.12975409569342763,0.1027553850883688,0.16384664740188792
moderna,postest,mRNA-1273,Positive SARS-CoV-2 test,0,treated_period_5,treated_period_5,treated_period_5,numeric,continuous,NA,NA,NA,NA,treated_period_5,-2.1079231789243913,0.5563647615824496,0.5557697545526501,-3.792799377182912,1.4895849956073515e-4,-3.197211881544251,-1.0186344763045316,NA,Unadjusted,5,42,56,49,0.12149001763926741,0.040876012413549434,0.3610876774540016
moderna,postest,mRNA-1273,Positive SARS-CoV-2 test,1,treated_period_1,treated_period_1,treated_period_1,numeric,continuous,NA,NA,NA,NA,treated_period_1,-0.38822572304598213,0.018486522271938782,0.018389871844403334,-21.11084440015456,6.3232857780565495e-99,-0.42426920954131986,-0.3521822365506444,NA,region- and trial-stratified,1,0,7,3.5,0.6782592272451079,0.6542477284679385,0.7031519703100887
moderna,postest,mRNA-1273,Positive SARS-CoV-2 test,1,treated_period_2,treated_period_2,treated_period_2,numeric,continuous,NA,NA,NA,NA,treated_period_2,-0.8647320297129026,0.02900025353450262,0.029287203492251654,-29.525933739002422,1.3379880573260708e-191,-0.9221338937656116,-0.8073301656601937,NA,region- and trial-stratified,2,7,14,10.5,0.4211643970515626,0.39766955047097496,0.44604735045398664
moderna,postest,mRNA-1273,Positive SARS-CoV-2 test,1,treated_period_3,treated_period_3,treated_period_3,numeric,continuous,NA,NA,NA,NA,treated_period_3,-1.828197972501614,0.044358063556721616,0.04460601706420202,-40.985456510727346,0,-1.915624159441229,-1.7407717855619989,NA,region- and trial-stratified,3,14,28,21,0.16070289804767615,0.14724989648464284,0.1753849887671413
moderna,postest,mRNA-1273,Positive SARS-CoV-2 test,1,treated_period_4,treated_period_4,treated_period_4,numeric,continuous,NA,NA,NA,NA,treated_period_4,-1.997691048455094,0.12042900139822606,0.12221819671374133,-16.345283289803998,4.6998160904147764e-60,-2.2372343122694587,-1.7581477846407294,NA,region- and trial-stratified,4,28,42,35,0.13564812687934077,0.10675334288631137,0.17236382326190514
moderna,postest,mRNA-1273,Positive SARS-CoV-2 test,1,treated_period_5,treated_period_5,treated_period_5,numeric,continuous,NA,NA,NA,NA,treated_period_5,-2.1008451564604598,0.5590488230039731,0.5577867366177782,-3.7663949652142015,1.6562171374256867e-4,-3.194087071285434,-1.0076032416354856,NA,region- and trial-stratified,5,42,56,49,0.12235297713386774,0.04100394197017763,0.36509297141257047
moderna,postest,mRNA-1273,Positive SARS-CoV-2 test,2,treated_period_1,treated_period_1,treated_period_1,numeric,continuous,NA,NA,NA,NA,treated_period_1,-0.37488927392391247,0.018796352335685076,0.018729715701135446,-20.015748231628827,4.0156259270811766e-89,-0.4115988421388123,-0.3381797057090126,NA,Demographic adjustment,1,0,7,3.5,0.6873653838492793,0.6625900259423809,0.7130671341487311
moderna,postest,mRNA-1273,Positive SARS-CoV-2 test,2,treated_period_2,treated_period_2,treated_period_2,numeric,continuous,NA,NA,NA,NA,treated_period_2,-0.8209954669882689,0.02931050733728847,0.029505223431748367,-27.825427890332698,2.1366049990984652e-170,-0.878824642270303,-0.7631662917062347,NA,Demographic adjustment,2,7,14,10.5,0.4399934374848268,0.4152707165994558,0.4661880004807637
moderna,postest,mRNA-1273,Positive SARS-CoV-2 test,2,treated_period_3,treated_period_3,treated_period_3,numeric,continuous,NA,NA,NA,NA,treated_period_3,-1.7258942688474377,0.04466006323038537,0.04478436429392755,-38.537875797903354,0,-1.8136700099340572,-1.6381185277608181,NA,Demographic adjustment,3,14,28,21,0.17801378838600154,0.163054625274421,0.19434535390948704
moderna,postest,mRNA-1273,Positive SARS-CoV-2 test,2,treated_period_4,treated_period_4,treated_period_4,numeric,continuous,NA,NA,NA,NA,treated_period_4,-1.7715501936684457,0.12017909608024713,0.12107365018538288,-14.63200449442073,1.755382257196143e-48,-2.0088501875085973,-1.534250199828294,NA,Demographic adjustment,4,28,42,35,0.17006914426252734,0.13414282512572298,0.21561730046374294
moderna,postest,mRNA-1273,Positive SARS-CoV-2 test,2,treated_period_5,treated_period_5,treated_period_5,numeric,continuous,NA,NA,NA,NA,treated_period_5,-1.7359209678031697,0.5602700083116243,0.5679158545798351,-3.0566517095872725,0.0022382418285034253,-2.849015589028933,-0.6228263465774067,NA,Demographic adjustment,5,42,56,49,0.17623781616815348,0.05790129149557294,0.536426166765117
moderna,postest,mRNA-1273,Positive SARS-CoV-2 test,3,treated_period_1,treated_period_1,treated_period_1,numeric,continuous,NA,NA,NA,NA,treated_period_1,-0.4125753867215966,0.01929857255008125,0.01921352230775135,-21.47317811451732,2.7738527338967616e-102,-0.4502331984609461,-0.3749175749822471,NA,Full adjustment,1,0,7,3.5,0.6619432930750748,0.6374794750544063,0.6873459309567237
moderna,postest,mRNA-1273,Positive SARS-CoV-2 test,3,treated_period_2,treated_period_2,treated_period_2,numeric,continuous,NA,NA,NA,NA,treated_period_2,-0.8687416334482009,0.029686507008414464,0.029850536633561096,-29.103049104700872,3.2847226190870834e-186,-0.9272476101691741,-0.8102356567272276,NA,Full adjustment,2,7,14,10.5,0.41947907570525045,0.3956411718642005,0.4447532447783986
moderna,postest,mRNA-1273,Positive SARS-CoV-2 test,3,treated_period_3,treated_period_3,treated_period_3,numeric,continuous,NA,NA,NA,NA,treated_period_3,-1.7895787560311387,0.04496726481246196,0.045100468267497786,-39.679826502396224,0,-1.877974049521326,-1.7011834625409514,NA,Full adjustment,3,14,28,21,0.16703051544688052,0.1528995591174296,0.18246745282648927
moderna,postest,mRNA-1273,Positive SARS-CoV-2 test,3,treated_period_4,treated_period_4,treated_period_4,numeric,continuous,NA,NA,NA,NA,treated_period_4,-1.835419269136074,0.12029075912719714,0.12103597487134848,-15.16424576318716,6.099555501649534e-52,-2.072645420717612,-1.598193117554536,NA,Full adjustment,4,28,42,35,0.1595465947801236,0.12585240837462483,0.2022616510457291
moderna,postest,mRNA-1273,Positive SARS-CoV-2 test,3,treated_period_5,treated_period_5,treated_period_5,numeric,continuous,NA,NA,NA,NA,treated_period_5,-1.7843782682704106,0.560145053168462,0.5676846549196354,-3.1432561243407524,0.0016707957575590484,-2.8970197464889447,-0.6717367900518767,NA,Full adjustment,5,42,56,49,0.1679014181948695,0.055187447799769626,0.5108206187416069
moderna,covidemergency,mRNA-1273,COVID-19 A&E attendance,0,treated_period_1,treated_period_1,treated_period_1,numeric,continuous,NA,NA,NA,NA,treated_period_1,-0.8018455754973508,0.26742162775350076,0.2657311306718017,-3.0175071075420647,0.0025486306437555815,-1.322669021185189,-0.2810221298095127,NA,Unadjusted,1,0,7,3.5,0.4485004583609263,0.26642326283205253,0.7550116270318452
moderna,covidemergency,mRNA-1273,COVID-19 A&E attendance,0,treated_period_2,treated_period_2,treated_period_2,numeric,continuous,NA,NA,NA,NA,treated_period_2,-1.3173760494243414,0.31390884193424134,0.3164896211220585,-4.162462088816105,3.148344248542375e-5,-1.937684308304303,-0.6970677905443797,NA,Unadjusted,2,7,14,10.5,0.26783717222895803,0.1440371094194712,0.49804353278632946
moderna,covidemergency,mRNA-1273,COVID-19 A&E attendance,0,treated_period_3,treated_period_3,treated_period_3,numeric,continuous,NA,NA,NA,NA,treated_period_3,-2.2036879922577137,0.42068696111965753,0.4150623690486041,-5.3092936305185985,1.1005091312056065e-7,-3.01719528693085,-1.3901806975845774,NA,Unadjusted,3,14,28,21,0.11039526977944858,0.04893828390184761,0.24903030139185417
moderna,covidemergency,mRNA-1273,COVID-19 A&E attendance,0,treated_period_4,treated_period_4,treated_period_4,numeric,continuous,NA,NA,NA,NA,treated_period_4,-16.9448626244446,974.5396218114578,0.4180852168269503,-40.52968615596434,0,-17.764294591894043,-16.125430656995157,NA,Unadjusted,4,28,42,35,4.374613265773536e-8,1.9278129079955374e-8,9.926918294669962e-8
moderna,covidemergency,mRNA-1273,COVID-19 A&E attendance,1,treated_period_1,treated_period_1,treated_period_1,numeric,continuous,NA,NA,NA,NA,treated_period_1,-0.8215187546305059,0.2675594966348943,0.26585863914569285,-3.090058526103816,0.002001170580537162,-1.3425921123348945,-0.3004453969261175,NA,region- and trial-stratified,1,0,7,3.5,0.439763254587511,0.26116781410997175,0.7404883359936809
moderna,covidemergency,mRNA-1273,COVID-19 A&E attendance,1,treated_period_2,treated_period_2,treated_period_2,numeric,continuous,NA,NA,NA,NA,treated_period_2,-1.3610384125022814,0.314415299172242,0.31833612495263924,-4.275475843983372,1.907294814048895e-5,-1.9849657523874966,-0.7371110726170662,NA,region- and trial-stratified,2,7,14,10.5,0.2563943955247617,0.1373853191555597,0.4784942558678595
moderna,covidemergency,mRNA-1273,COVID-19 A&E attendance,1,treated_period_3,treated_period_3,treated_period_3,numeric,continuous,NA,NA,NA,NA,treated_period_3,-2.236736378660565,0.4212410466349324,0.41284910307481937,-5.417806074911608,6.033480524138149e-8,-3.0459057517368757,-1.4275670055842549,NA,region- and trial-stratified,3,14,28,21,0.10680651219989175,0.0475532210630645,0.23989186837999807
moderna,covidemergency,mRNA-1273,COVID-19 A&E attendance,1,treated_period_4,treated_period_4,treated_period_4,numeric,continuous,NA,NA,NA,NA,treated_period_4,-17.9753282842552,1619.2884890483963,0.4195684828666665,-42.842417908609995,0,-18.797667399721973,-17.152989168788423,NA,region- and trial-stratified,4,28,42,35,1.561040302674073e-8,6.859252269792101e-9,3.5526420821472714e-8
moderna,covidemergency,mRNA-1273,COVID-19 A&E attendance,2,treated_period_1,treated_period_1,treated_period_1,numeric,continuous,NA,NA,NA,NA,treated_period_1,-0.7358304791184825,0.27062925807242394,0.2724017687465506,-2.7012690941926945,0.006907542582424201,-1.26972813518673,-0.20193282305023497,NA,Demographic adjustment,1,0,7,3.5,0.47910740501464605,0.28090798039393494,0.8171498197308751
moderna,covidemergency,mRNA-1273,COVID-19 A&E attendance,2,treated_period_2,treated_period_2,treated_period_2,numeric,continuous,NA,NA,NA,NA,treated_period_2,-1.2683523506340737,0.3176041464869897,0.3158144790356423,-4.016131098571099,5.9161353748464716e-5,-1.8873373553402124,-0.649367345927935,NA,Demographic adjustment,2,7,14,10.5,0.2812947152249816,0.15147459538216723,0.5223761556442416
moderna,covidemergency,mRNA-1273,COVID-19 A&E attendance,2,treated_period_3,treated_period_3,treated_period_3,numeric,continuous,NA,NA,NA,NA,treated_period_3,-2.1308385729001533,0.42524786661720154,0.41990065770318546,-5.074625471071245,3.882599698147016e-7,-2.953828739083078,-1.3078484067172287,NA,Demographic adjustment,3,14,28,21,0.11873768189004084,0.05213969401176556,0.27040122439995734
moderna,covidemergency,mRNA-1273,COVID-19 A&E attendance,2,treated_period_4,treated_period_4,treated_period_4,numeric,continuous,NA,NA,NA,NA,treated_period_4,-17.956026381821857,1667.4103826709993,0.43983548609195683,-40.82441492241891,0,-18.81808809368476,-17.093964669958954,NA,Demographic adjustment,4,28,42,35,1.591464023579113e-8,6.720602063211335e-9,3.76864708626474e-8
moderna,covidemergency,mRNA-1273,COVID-19 A&E attendance,3,treated_period_1,treated_period_1,treated_period_1,numeric,continuous,NA,NA,NA,NA,treated_period_1,-0.6406378082266858,0.27609171262321297,0.28227545850476093,-2.2695483752650802,0.023234998936039582,-1.1938875406155476,-0.08738807583782404,NA,Full adjustment,1,0,7,3.5,0.5269562198254301,0.30304088741420354,0.9163214244194162
moderna,covidemergency,mRNA-1273,COVID-19 A&E attendance,3,treated_period_2,treated_period_2,treated_period_2,numeric,continuous,NA,NA,NA,NA,treated_period_2,-1.1742272420012492,0.32243184597609126,0.32546669726877936,-3.6078260905186865,3.087733373508034e-4,-1.8121302468152574,-0.536324237187241,NA,Full adjustment,2,7,14,10.5,0.30905771425488276,0.16330588416271116,0.5848942383808041
moderna,covidemergency,mRNA-1273,COVID-19 A&E attendance,3,treated_period_3,treated_period_3,treated_period_3,numeric,continuous,NA,NA,NA,NA,treated_period_3,-2.0085581620156496,0.4297164169722858,0.4278752001087549,-4.694261694777182,2.6757132318641636e-6,-2.8471781441066777,-1.1699381799246216,NA,Full adjustment,3,14,28,21,0.13418200397068805,0.05800777973279838,0.31038612876626925
moderna,covidemergency,mRNA-1273,COVID-19 A&E attendance,3,treated_period_4,treated_period_4,treated_period_4,numeric,continuous,NA,NA,NA,NA,treated_period_4,-17.974832260372093,1885.9073782618113,0.4418438622383925,-40.68141213801437,0,-18.84083031714942,-17.108834203594768,NA,Full adjustment,4,28,42,35,1.561814808017383e-8,6.569485505710094e-9,3.7130236339241544e-8
moderna,covidadmitted,mRNA-1273,COVID-19 hospitalisation,0,treated_period_1,treated_period_1,treated_period_1,numeric,continuous,NA,NA,NA,NA,treated_period_1,-0.9627354124922115,0.2048255324116622,0.20400781302170307,-4.719110499899297,2.3687813004997452e-6,-1.362583378579531,-0.5628874464048921,NA,Unadjusted,1,0,7,3.5,0.3818469471808435,0.25599858072023346,0.5695621071847827
moderna,covidadmitted,mRNA-1273,COVID-19 hospitalisation,0,treated_period_2,treated_period_2,treated_period_2,numeric,continuous,NA,NA,NA,NA,treated_period_2,-1.620946960203557,0.24699797339234755,0.2471289861139937,-6.559113059509173,5.4128753158685096e-11,-2.105310872522884,-1.1365830478842305,NA,Unadjusted,2,7,14,10.5,0.1977113855944542,0.12180780168399588,0.32091369726127233
moderna,covidadmitted,mRNA-1273,COVID-19 hospitalisation,0,treated_period_3,treated_period_3,treated_period_3,numeric,continuous,NA,NA,NA,NA,treated_period_3,-2.4761506100879576,0.32877104367489574,0.32957872454957204,-7.513077834353712,5.775316632129189e-14,-3.1221130402757655,-1.8301881799001496,NA,Unadjusted,3,14,28,21,0.08406620716216806,0.04406396105449706,0.1603833840060846
moderna,covidadmitted,mRNA-1273,COVID-19 hospitalisation,0,treated_period_4,treated_period_4,treated_period_4,numeric,continuous,NA,NA,NA,NA,treated_period_4,-1.4959155074925377,0.7133244812480904,0.6661324844806389,-2.2456726587337243,0.02472498270182194,-2.801511186006776,-0.19031982897829924,NA,Unadjusted,4,28,42,35,0.22404339740147,0.06071823671000175,0.8266946907390121
moderna,covidadmitted,mRNA-1273,COVID-19 hospitalisation,1,treated_period_1,treated_period_1,treated_period_1,numeric,continuous,NA,NA,NA,NA,treated_period_1,-0.9759404979845907,0.20488061924076004,0.20428593967020225,-4.7773258382840345,1.7764179330266093e-6,-1.3763335822861094,-0.575547413683072,NA,region- and trial-stratified,1,0,7,3.5,0.3768377716827364,0.25250263812888635,0.5623969207574175
moderna,covidadmitted,mRNA-1273,COVID-19 hospitalisation,1,treated_period_2,treated_period_2,treated_period_2,numeric,continuous,NA,NA,NA,NA,treated_period_2,-1.657996111001812,0.24727155757175182,0.24671197439200546,-6.720371457801192,1.812618763771292e-11,-2.141542695364911,-1.1744495266387134,NA,region- and trial-stratified,2,7,14,10.5,0.19052037952529924,0.11747347737273273,0.30898902310769033
moderna,covidadmitted,mRNA-1273,COVID-19 hospitalisation,1,treated_period_3,treated_period_3,treated_period_3,numeric,continuous,NA,NA,NA,NA,treated_period_3,-2.493316898642428,0.32961769582113765,0.32986877345476273,-7.558511442382268,4.077081531284945e-14,-3.1398478142381654,-1.846785983046691,NA,region- and trial-stratified,3,14,28,21,0.08263541819587987,0.04328938542879013,0.15774334222510128
moderna,covidadmitted,mRNA-1273,COVID-19 hospitalisation,1,treated_period_4,treated_period_4,treated_period_4,numeric,continuous,NA,NA,NA,NA,treated_period_4,-1.4573152479468494,0.7201953540254855,0.6320465851556417,-2.305708601507569,0.021126920168105783,-2.696103791403435,-0.21852670449026368,NA,region- and trial-stratified,4,28,42,35,0.23286060926185267,0.06746787020403502,0.8037020167054015
moderna,covidadmitted,mRNA-1273,COVID-19 hospitalisation,2,treated_period_1,treated_period_1,treated_period_1,numeric,continuous,NA,NA,NA,NA,treated_period_1,-0.9155700823065958,0.20650078566588215,0.2072840510808954,-4.416982770899639,1.000882046710627e-5,-1.3218393569947116,-0.50930080761848,NA,Demographic adjustment,1,0,7,3.5,0.4002883637191387,0.2666443963933484,0.6009155875624563
moderna,covidadmitted,mRNA-1273,COVID-19 hospitalisation,2,treated_period_2,treated_period_2,treated_period_2,numeric,continuous,NA,NA,NA,NA,treated_period_2,-1.6054329800546947,0.24906935161957283,0.24840907825042285,-6.462859535416202,1.0274265633198926e-10,-2.0923058268583157,-1.118560133251074,NA,Demographic adjustment,2,7,14,10.5,0.20080259256759797,0.12340226325727743,0.3267499324368416
moderna,covidadmitted,mRNA-1273,COVID-19 hospitalisation,2,treated_period_3,treated_period_3,treated_period_3,numeric,continuous,NA,NA,NA,NA,treated_period_3,-2.4217431342654008,0.3318188876918142,0.33445957470107746,-7.240764856051224,4.4616137339339046e-13,-3.0772718549640965,-1.7662144135667053,NA,Demographic adjustment,3,14,28,21,0.08876675015752217,0.046084811354775754,0.17097902111107166
moderna,covidadmitted,mRNA-1273,COVID-19 hospitalisation,2,treated_period_4,treated_period_4,treated_period_4,numeric,continuous,NA,NA,NA,NA,treated_period_4,-1.360486927040139,0.7244630293929418,0.6467967971671045,-2.1034224860093853,0.035428854554736426,-2.628185354803522,-0.09278849927675603,NA,Demographic adjustment,4,28,42,35,0.2565358323030472,0.07220937782077849,0.9113862387619124
moderna,covidadmitted,mRNA-1273,COVID-19 hospitalisation,3,treated_period_1,treated_period_1,treated_period_1,numeric,continuous,NA,NA,NA,NA,treated_period_1,-0.9325064469459298,0.2095825800055444,0.21264611381992343,-4.385250358892571,1.1585245433973836e-5,-1.3492851714853846,-0.5157277224064749,NA,Full adjustment,1,0,7,3.5,0.3935660207421408,0.2594256392253911,0.5970659382214334
moderna,covidadmitted,mRNA-1273,COVID-19 hospitalisation,3,treated_period_2,treated_period_2,treated_period_2,numeric,continuous,NA,NA,NA,NA,treated_period_2,-1.6097402091479658,0.2517705281345151,0.25144609345889257,-6.401929682041899,1.5342533029648302e-10,-2.1025654963806875,-1.116914921915244,NA,Full adjustment,2,7,14,10.5,0.1999395497946365,0.12214266937523037,0.327287947582622
moderna,covidadmitted,mRNA-1273,COVID-19 hospitalisation,3,treated_period_3,treated_period_3,treated_period_3,numeric,continuous,NA,NA,NA,NA,treated_period_3,-2.4115468770568174,0.33400197493480926,0.3371224323296776,-7.153326642762609,8.469973141842135e-13,-3.072294702803527,-1.750799051310108,NA,Full adjustment,3,14,28,21,0.08967646875464082,0.04631475422883646,0.1736351446143494
moderna,covidadmitted,mRNA-1273,COVID-19 hospitalisation,3,treated_period_4,treated_period_4,treated_period_4,numeric,continuous,NA,NA,NA,NA,treated_period_4,-1.2018513929127768,0.724821017791776,0.6222952723435896,-1.9313201406569505,0.053443474175569695,-2.4215277144557565,0.01782492863020302,NA,Full adjustment,4,28,42,35,0.3006370989595172,0.08878587433373307,1.0179847408052698
moderna,coviddeath,mRNA-1273,COVID-19 death,0,treated_period_1,treated_period_1,treated_period_1,numeric,continuous,NA,NA,NA,NA,treated_period_1,-18.348434089769416,9004.23561092755,0.9999998306514966,-18.348437197049797,3.3974456174297997e-75,-20.3083977423925,-16.38847043714633,NA,Unadjusted,1,0,7,3.5,1.0749204449924383e-8,1.5141710001176768e-9,7.630934438533979e-8
moderna,coviddeath,mRNA-1273,COVID-19 death,0,treated_period_2,treated_period_2,treated_period_2,numeric,continuous,NA,NA,NA,NA,treated_period_2,-1.498490916098857,0.5775854160813542,0.581472502489146,-2.577062388477826,0.009964396398925175,-2.6381560789779597,-0.3588257532197543,NA,Unadjusted,2,7,14,10.5,0.223467136479797,0.07149297549183495,0.6984960514363189
moderna,coviddeath,mRNA-1273,COVID-19 death,0,treated_period_3,treated_period_3,treated_period_3,numeric,continuous,NA,NA,NA,NA,treated_period_3,-19.427162317998246,3632.146979112143,0.33492699769232875,-58.00416942155395,0,-20.08360717092534,-18.77071746507115,NA,Unadjusted,3,14,28,21,3.6550271412039506e-9,1.8958336564063227e-9,7.0466221325877344e-9
moderna,coviddeath,mRNA-1273,COVID-19 death,0,treated_period_4,treated_period_4,treated_period_4,numeric,continuous,NA,NA,NA,NA,treated_period_4,17.1766755510936,12875.464128262445,0.9960221877192458,17.245274013850867,1.2143562122241267e-66,15.224507935361084,19.128843166826112,NA,Unadjusted,4,28,42,35,28822749.632878996,4091850.7646473767,203025707.48110273
moderna,coviddeath,mRNA-1273,COVID-19 death,1,treated_period_1,treated_period_1,treated_period_1,numeric,continuous,NA,NA,NA,NA,treated_period_1,-18.35678979378697,9008.349554320099,0.9999728795572651,-18.35728765155549,2.886697946366932e-75,-20.316700623236017,-16.396878964337922,NA,region- and trial-stratified,1,0,7,3.5,1.0659761479004314e-8,1.5016510664105348e-9,7.567038530520974e-8
moderna,coviddeath,mRNA-1273,COVID-19 death,1,treated_period_2,treated_period_2,treated_period_2,numeric,continuous,NA,NA,NA,NA,treated_period_2,-1.545664010311138,0.5795057562439738,0.5999773260003477,-2.5762040386010225,0.009989168083753549,-2.721597960812466,-0.3697300598098099,NA,region- and trial-stratified,2,7,14,10.5,0.2131702769561641,0.06576957321041092,0.6909208127623155
moderna,coviddeath,mRNA-1273,COVID-19 death,1,treated_period_3,treated_period_3,treated_period_3,numeric,continuous,NA,NA,NA,NA,treated_period_3,-19.61416062513774,3799.7152316283123,0.34052033183805597,-57.600556534362255,0,-20.281568211543956,-18.946753038731522,NA,region- and trial-stratified,3,14,28,21,3.0316445007371675e-9,1.5553453723929978e-9,5.9092138260643516e-9
moderna,coviddeath,mRNA-1273,COVID-19 death,1,treated_period_4,treated_period_4,treated_period_4,numeric,continuous,NA,NA,NA,NA,treated_period_4,17.258952292063558,13363.048556809545,1.0021166824303303,17.222497733704223,1.8004753765820367e-66,15.294839686193349,19.223064897933767,NA,region- and trial-stratified,4,28,42,35,31294480.31086443,4389999.566013379,223085329.09866282
moderna,coviddeath,mRNA-1273,COVID-19 death,2,treated_period_1,treated_period_1,treated_period_1,numeric,continuous,NA,NA,NA,NA,treated_period_1,-18.25457162125895,9372.154316426104,1.028059342668645,-17.75634038194097,1.539509220846934e-70,-20.269530906859416,-16.239612335658485,NA,Demographic adjustment,1,0,7,3.5,1.180701936069157e-8,1.5741806742331724e-9,8.855762776509375e-8
moderna,coviddeath,mRNA-1273,COVID-19 death,2,treated_period_2,treated_period_2,treated_period_2,numeric,continuous,NA,NA,NA,NA,treated_period_2,-1.4443110458783583,0.5867059448789972,0.5842049763123661,-2.472267619141446,0.01342589682656963,-2.589331759039671,-0.2992903327170455,NA,Demographic adjustment,2,7,14,10.5,0.23590855074917347,0.07507018830263781,0.7413441417279598
moderna,coviddeath,mRNA-1273,COVID-19 death,2,treated_period_3,treated_period_3,treated_period_3,numeric,continuous,NA,NA,NA,NA,treated_period_3,-19.908419252524123,4688.327681571072,0.36003343311485986,-55.296029261184835,0,-20.614071814659557,-19.20276669038869,NA,Demographic adjustment,3,14,28,21,2.258829106193779e-9,1.1153787376821794e-9,4.574507975282975e-9
moderna,coviddeath,mRNA-1273,COVID-19 death,2,treated_period_4,treated_period_4,treated_period_4,numeric,continuous,NA,NA,NA,NA,treated_period_4,17.12430024559848,10442.559544059359,1.0372884554267863,16.50871573476906,3.175696865293073e-61,15.091252231382798,19.157348259814164,NA,Demographic adjustment,4,28,42,35,27352000.96544919,3581356.6223387397,208896246.78744805
moderna,coviddeath,mRNA-1273,COVID-19 death,3,treated_period_1,treated_period_1,treated_period_1,numeric,continuous,NA,NA,NA,NA,treated_period_1,-19.40328529283594,16080.741550173807,1.0386416376085277,-18.681405202964907,7.014798138080193e-78,-21.438985495392355,-17.367585090279523,NA,Full adjustment,1,0,7,3.5,3.743348546376588e-9,4.888401872093275e-10,2.8665111229202842e-8
moderna,coviddeath,mRNA-1273,COVID-19 death,3,treated_period_2,treated_period_2,treated_period_2,numeric,continuous,NA,NA,NA,NA,treated_period_2,-1.5286621861026835,0.5918513268777901,0.607915261940627,-2.514597480613972,0.011916835330244837,-2.7201542051585452,-0.3371701670468219,NA,Full adjustment,2,7,14,10.5,0.2168255455993711,0.06586459698263775,0.7137873664794138
moderna,coviddeath,mRNA-1273,COVID-19 death,3,treated_period_3,treated_period_3,treated_period_3,numeric,continuous,NA,NA,NA,NA,treated_period_3,-21.17405812731595,8544.855596344822,0.36044913098636516,-58.7435405084023,0,-21.880525442307984,-20.467590812323913,NA,Full adjustment,3,14,28,21,6.371231650523113e-10,3.1434643491132225e-10,1.2913330083122694e-9
moderna,coviddeath,mRNA-1273,COVID-19 death,3,treated_period_4,treated_period_4,treated_period_4,numeric,continuous,NA,NA,NA,NA,treated_period_4,18.45743692201842,19417.80335273329,1.0601665951239145,17.40994010461259,6.935644870871453e-68,16.379548577963092,20.535325266073748,NA,Full adjustment,4,28,42,35,103744003.93614446,12988158.009828897,828663952.5449185
