treatment,outcome,subgroup,subgroup_variable,subgroup_level,treatment_descr,outcome_descr,subgroup_descr,subgroup_variable_descr,subgroup_level_descr,model,term,variable,var_label,var_class,var_type,var_nlevels,contrasts,contrasts_type,reference_row,label,estimate,std.error,robust.se,statistic,p.value,conf.low,conf.high,n,model_descr,period_id,term_left,term_right,term_midpoint,hr,hr.ll,hr.ul,ve,ve.ll,ve.ul
pfizer,postest,none,none,,BNT162b2,Positive SARS-CoV-2 test, ,Main analysis,,0,treated_period_1,treated_period_1,treated_period_1,numeric,continuous,NA,NA,NA,NA,treated_period_1,-0.31789431179600763,0.010609629047268863,0.010607707015703105,-29.96824019794412,2.545973625092085e-197,-0.33868503550533857,-0.2971035880866767,NA,Unadjusted,1,0,7,3.5,0.7276796915103263,0.7127068911075023,0.7429670458408588,0.2723203084896737,0.2570329541591412,0.2872931088924977
pfizer,postest,none,none,,BNT162b2,Positive SARS-CoV-2 test, ,Main analysis,,0,treated_period_2,treated_period_2,treated_period_2,numeric,continuous,NA,NA,NA,NA,treated_period_2,-0.5845513735790429,0.01227819137005141,0.012280184672376144,-47.60118753702224,0,-0.6086200932604009,-0.5604826538976848,NA,Unadjusted,2,7,14,10.5,0.5573558502925787,0.5441011601475018,0.5709334340899949,0.4426441497074213,0.42906656591000514,0.45589883985249824
pfizer,postest,none,none,,BNT162b2,Positive SARS-CoV-2 test, ,Main analysis,,0,treated_period_3,treated_period_3,treated_period_3,numeric,continuous,NA,NA,NA,NA,treated_period_3,-1.0389313329074048,0.012862059772428767,0.012862578954873173,-80.77161948256035,0,-1.0641415244072592,-1.0137211414075504,NA,Unadjusted,3,14,28,21,0.353832609249375,0.3450239222818603,0.3628661877710129,0.646167390750625,0.6371338122289871,0.6549760777181397
pfizer,postest,none,none,,BNT162b2,Positive SARS-CoV-2 test, ,Main analysis,,0,treated_period_4,treated_period_4,treated_period_4,numeric,continuous,NA,NA,NA,NA,treated_period_4,-0.7809047140549287,0.018206353605715538,0.0182062316581921,-42.892166194290496,0,-0.8165882723991781,-0.7452211557106793,NA,Unadjusted,4,28,42,35,0.4579914724917526,0.4419368535424734,0.4746293213471609,0.5420085275082474,0.5253706786528392,0.5580631464575265
pfizer,postest,none,none,,BNT162b2,Positive SARS-CoV-2 test, ,Main analysis,,0,treated_period_5,treated_period_5,treated_period_5,numeric,continuous,NA,NA,NA,NA,treated_period_5,-0.49538211674742827,0.017723161228903758,0.01771864924043615,-27.95823259579545,5.235554396132116e-172,-0.5301100311133811,-0.4606542023814754,NA,Unadjusted,5,42,70,56,0.6093380245409205,0.5885402083811441,0.6308707933018212,0.39066197545907955,0.36912920669817884,0.41145979161885593
pfizer,postest,none,none,,BNT162b2,Positive SARS-CoV-2 test, ,Main analysis,,3,treated_period_1,treated_period_1,treated_period_1,numeric,continuous,NA,NA,NA,NA,treated_period_1,-0.37293565478173446,0.01062832359564883,0.010617062369929141,-35.126068001446946,2.69690484006454e-270,-0.39374471464841104,-0.3521265949150579,NA,Full adjustment,1,0,7,3.5,0.6887095465843484,0.6745262309286898,0.7031910959242791,0.31129045341565165,0.2968089040757209,0.3254737690713102
pfizer,postest,none,none,,BNT162b2,Positive SARS-CoV-2 test, ,Main analysis,,3,treated_period_2,treated_period_2,treated_period_2,numeric,continuous,NA,NA,NA,NA,treated_period_2,-0.663623294625866,0.012309725682897699,0.012316140569339083,-53.882406658945584,0,-0.6877624865703033,-0.6394841026814287,NA,Full adjustment,2,7,14,10.5,0.5149820184155826,0.5026996087554303,0.5275645229722343,0.48501798158441745,0.47243547702776567,0.4973003912445697
pfizer,postest,none,none,,BNT162b2,Positive SARS-CoV-2 test, ,Main analysis,,3,treated_period_3,treated_period_3,treated_period_3,numeric,continuous,NA,NA,NA,NA,treated_period_3,-1.146213209128966,0.012911751413473371,0.012884309848073485,-88.96194073603039,0,-1.171465992396845,-1.1209604258610872,NA,Full adjustment,3,14,28,21,0.3178380797267565,0.30991227903647073,0.3259665775053197,0.6821619202732435,0.6740334224946802,0.6900877209635292
pfizer,postest,none,none,,BNT162b2,Positive SARS-CoV-2 test, ,Main analysis,,3,treated_period_4,treated_period_4,treated_period_4,numeric,continuous,NA,NA,NA,NA,treated_period_4,-0.9006587162330262,0.018256376288923813,0.018199878142352483,-49.48707398963984,0,-0.9363298219150548,-0.8649876105509976,NA,Full adjustment,4,28,42,35,0.40630193389323355,0.3920641432197613,0.42105676925637536,0.5936980661067665,0.5789432307436246,0.6079358567802386
pfizer,postest,none,none,,BNT162b2,Positive SARS-CoV-2 test, ,Main analysis,,3,treated_period_5,treated_period_5,treated_period_5,numeric,continuous,NA,NA,NA,NA,treated_period_5,-0.6029263056922912,0.01777569742602941,0.017735068992301328,-33.99627630171709,2.528741144772016e-253,-0.6376864021805349,-0.5681662092040476,NA,Full adjustment,5,42,70,56,0.5472079929986563,0.5285137789627755,0.5665634454966735,0.4527920070013437,0.4334365545033265,0.4714862210372245
pfizer,covidemergency,none,none,,BNT162b2,COVID-19 A&E attendance, ,Main analysis,,0,treated_period_1,treated_period_1,treated_period_1,numeric,continuous,NA,NA,NA,NA,treated_period_1,-1.060885324596165,0.14617633659773652,0.1461761750342134,-7.257580274951499,3.940761211132912e-13,-1.3473853630610462,-0.7743852861312837,NA,Unadjusted,1,0,7,3.5,0.3461492202155981,0.25991896670575304,0.4609870690641466,0.653850779784402,0.5390129309358533,0.7400810332942469
pfizer,covidemergency,none,none,,BNT162b2,COVID-19 A&E attendance, ,Main analysis,,0,treated_period_2,treated_period_2,treated_period_2,numeric,continuous,NA,NA,NA,NA,treated_period_2,-0.994716923999827,0.1360643733275448,0.13606709374731632,-7.310488499497668,2.6617293120443796e-13,-1.2614035272256021,-0.7280303207740519,NA,Unadjusted,2,7,14,10.5,0.3698281191926521,0.28325618960369164,0.4828591316466398,0.6301718808073479,0.5171408683533603,0.7167438103963084
pfizer,covidemergency,none,none,,BNT162b2,COVID-19 A&E attendance, ,Main analysis,,0,treated_period_3,treated_period_3,treated_period_3,numeric,continuous,NA,NA,NA,NA,treated_period_3,-1.7172254758470167,0.14782373182258668,0.14782455326484575,-11.616645800176357,3.3919325129556155e-31,-2.006956276276837,-1.4274946754171962,NA,Unadjusted,3,14,28,21,0.17956366112591624,0.13439712045927185,0.23990922042644464,0.8204363388740837,0.7600907795735554,0.8656028795407281
pfizer,covidemergency,none,none,,BNT162b2,COVID-19 A&E attendance, ,Main analysis,,0,treated_period_4,treated_period_4,treated_period_4,numeric,continuous,NA,NA,NA,NA,treated_period_4,-2.131507799370072,0.23661796260650167,0.23661305636631377,-9.008411590230113,2.0906242380112322e-19,-2.5952608681199925,-1.6677547306201514,NA,Unadjusted,4,28,42,35,0.11865824607358347,0.07462640588476516,0.1886702058652063,0.8813417539264166,0.8113297941347937,0.9253735941152348
pfizer,covidemergency,none,none,,BNT162b2,COVID-19 A&E attendance, ,Main analysis,,0,treated_period_5,treated_period_5,treated_period_5,numeric,continuous,NA,NA,NA,NA,treated_period_5,-1.3625019594364718,0.1899757936256988,0.18993042418667597,-7.173689867071093,7.30028867394905e-13,-1.7347587504107718,-0.9902451684621718,NA,Unadjusted,5,42,70,56,0.25601942475384026,0.17644276189597785,0.37148560330250324,0.7439805752461597,0.6285143966974968,0.8235572381040221
pfizer,covidemergency,none,none,,BNT162b2,COVID-19 A&E attendance, ,Main analysis,,3,treated_period_1,treated_period_1,treated_period_1,numeric,continuous,NA,NA,NA,NA,treated_period_1,-1.0704475689402586,0.14629611420388694,0.14626768980904464,-7.318414410850059,2.509179750136848e-13,-1.3571269730678623,-0.7837681648126549,NA,Full adjustment,1,0,7,3.5,0.3428550318103236,0.2573992305687788,0.45668191228818766,0.6571449681896764,0.5433180877118123,0.7426007694312212
pfizer,covidemergency,none,none,,BNT162b2,COVID-19 A&E attendance, ,Main analysis,,3,treated_period_2,treated_period_2,treated_period_2,numeric,continuous,NA,NA,NA,NA,treated_period_2,-1.0047611439436364,0.13625703072358414,0.136383782241861,-7.367159990927716,1.7430125929464503e-13,-1.2720684452130373,-0.7374538426742354,NA,Full adjustment,2,7,14,10.5,0.36613207722459784,0.2802513373048574,0.47833027047066806,0.6338679227754022,0.521669729529332,0.7197486626951426
pfizer,covidemergency,none,none,,BNT162b2,COVID-19 A&E attendance, ,Main analysis,,3,treated_period_3,treated_period_3,treated_period_3,numeric,continuous,NA,NA,NA,NA,treated_period_3,-1.7352800002688455,0.1481464120410565,0.14817710845938925,-11.710850740108969,1.1214863936677198e-31,-2.025701796182534,-1.4448582043551572,NA,Full adjustment,3,14,28,21,0.1763508150970912,0.1319012429096245,0.23577950669287584,0.8236491849029088,0.7642204933071242,0.8680987570903755
pfizer,covidemergency,none,none,,BNT162b2,COVID-19 A&E attendance, ,Main analysis,,3,treated_period_4,treated_period_4,treated_period_4,numeric,continuous,NA,NA,NA,NA,treated_period_4,-2.143842694717105,0.23690788856894876,0.2364606705094612,-9.066381695095997,1.2303486937058107e-19,-2.607297092675841,-1.6803882967583688,NA,Full adjustment,4,28,42,35,0.11720359892996855,0.07373356967309916,0.18630162167706085,0.8827964010700314,0.8136983783229391,0.9262664303269008
pfizer,covidemergency,none,none,,BNT162b2,COVID-19 A&E attendance, ,Main analysis,,3,treated_period_5,treated_period_5,treated_period_5,numeric,continuous,NA,NA,NA,NA,treated_period_5,-1.3746944859766927,0.19040278004378747,0.1898044265918864,-7.242689281069997,4.3987389898530814e-13,-1.7467043262030666,-1.002684645750319,NA,Full adjustment,5,42,70,56,0.2529168536479885,0.17434759043991999,0.36689313972045384,0.7470831463520116,0.6331068602795462,0.82565240956008
pfizer,covidadmittedproxy1,none,none,,BNT162b2,COVID-19 hospitalisation (A&E proxy), ,Main analysis,,0,treated_period_1,treated_period_1,treated_period_1,numeric,continuous,NA,NA,NA,NA,treated_period_1,-1.4939248906869416,0.3336424046984748,0.3336422560654459,-4.477624951660498,7.547805110670937e-6,-2.1478516962959056,-0.8399980850779774,NA,Unadjusted,1,0,7,3.5,0.22448982614037877,0.11673467011305635,0.43171135012185996,0.7755101738596213,0.5682886498781401,0.8832653298869436
pfizer,covidadmittedproxy1,none,none,,BNT162b2,COVID-19 hospitalisation (A&E proxy), ,Main analysis,,0,treated_period_2,treated_period_2,treated_period_2,numeric,continuous,NA,NA,NA,NA,treated_period_2,-1.2325524735971138,0.3037464492732176,0.303752172819865,-4.057756894888314,4.9546303314814525e-5,-1.8278957925498354,-0.6372091546443923,NA,Unadjusted,2,7,14,10.5,0.2915474599449149,0.16075146657950762,0.5287660710597051,0.7084525400550852,0.4712339289402949,0.8392485334204924
pfizer,covidadmittedproxy1,none,none,,BNT162b2,COVID-19 hospitalisation (A&E proxy), ,Main analysis,,0,treated_period_3,treated_period_3,treated_period_3,numeric,continuous,NA,NA,NA,NA,treated_period_3,-1.8808638376875428,0.32372517959951175,0.3237307029546942,-5.809964333073369,6.248615335861196e-9,-2.5153643561685777,-1.246363319206508,NA,Unadjusted,3,14,28,21,0.15245834958894985,0.08083345467267501,0.2875486202279526,0.8475416504110501,0.7124513797720474,0.919166545327325
pfizer,covidadmittedproxy1,none,none,,BNT162b2,COVID-19 hospitalisation (A&E proxy), ,Main analysis,,0,treated_period_4,treated_period_4,treated_period_4,numeric,continuous,NA,NA,NA,NA,treated_period_4,-2.671380005882229,0.5971509709292598,0.5971512689159838,-4.473539863243729,7.693520723872685e-6,-3.8417749862799497,-1.5009850254845083,NA,Unadjusted,4,28,42,35,0.0691567227432695,0.021455484336187138,0.2229104794676183,0.9308432772567306,0.7770895205323817,0.9785445156638128
pfizer,covidadmittedproxy1,none,none,,BNT162b2,COVID-19 hospitalisation (A&E proxy), ,Main analysis,,0,treated_period_5,treated_period_5,treated_period_5,numeric,continuous,NA,NA,NA,NA,treated_period_5,-1.4628002448012007,0.35186835633993013,0.3519558951592187,-4.1562032769459805,3.2357994696474584e-5,-2.1526211234598245,-0.7729793661425771,NA,Unadjusted,5,42,70,56,0.23158686598488196,0.11617923820534942,0.4616356358087239,0.768413134015118,0.5383643641912761,0.8838207617946505
pfizer,covidadmittedproxy1,none,none,,BNT162b2,COVID-19 hospitalisation (A&E proxy), ,Main analysis,,3,treated_period_1,treated_period_1,treated_period_1,numeric,continuous,NA,NA,NA,NA,treated_period_1,-1.5074816593829135,0.3339032091766375,0.33517864393228824,-4.497546865448415,6.874201148728211e-6,-2.164419729877173,-0.8505435888886539,NA,Full adjustment,1,0,7,3.5,0.2214670056279033,0.11481653987858038,0.42718265707761366,0.7785329943720967,0.5728173429223864,0.8851834601214196
pfizer,covidadmittedproxy1,none,none,,BNT162b2,COVID-19 hospitalisation (A&E proxy), ,Main analysis,,3,treated_period_2,treated_period_2,treated_period_2,numeric,continuous,NA,NA,NA,NA,treated_period_2,-1.2402936023847682,0.3040108159350305,0.3041311475932992,-4.078153823439869,4.539473006838834e-5,-1.8363796982444698,-0.6442075065250664,NA,Full adjustment,2,7,14,10.5,0.2892992665141302,0.15939343514760917,0.525078498547367,0.7107007334858698,0.474921501452633,0.8406065648523908
pfizer,covidadmittedproxy1,none,none,,BNT162b2,COVID-19 hospitalisation (A&E proxy), ,Main analysis,,3,treated_period_3,treated_period_3,treated_period_3,numeric,continuous,NA,NA,NA,NA,treated_period_3,-1.8974653845308869,0.3241707312539198,0.32479751200568513,-5.841994825679805,5.1579408972650265e-9,-2.534056810330245,-1.2608739587315283,NA,Full adjustment,3,14,28,21,0.1499481989997877,0.07933651336651637,0.28340623288304734,0.8500518010002123,0.7165937671169527,0.9206634866334836
pfizer,covidadmittedproxy1,none,none,,BNT162b2,COVID-19 hospitalisation (A&E proxy), ,Main analysis,,3,treated_period_4,treated_period_4,treated_period_4,numeric,continuous,NA,NA,NA,NA,treated_period_4,-2.6988456769309064,0.5976124026338665,0.5930791760522414,-4.550565566802464,5.350191160443874e-6,-3.861259501973989,-1.5364318518878235,NA,Full adjustment,4,28,42,35,0.06728313440509602,0.021041481039600903,0.21514741128983197,0.932716865594904,0.784852588710168,0.9789585189603991
pfizer,covidadmittedproxy1,none,none,,BNT162b2,COVID-19 hospitalisation (A&E proxy), ,Main analysis,,3,treated_period_5,treated_period_5,treated_period_5,numeric,continuous,NA,NA,NA,NA,treated_period_5,-1.4878394208029406,0.352692481838551,0.35252711997611125,-4.2204963433842,2.4376501137350315e-5,-2.178779879529749,-0.7968989620761321,NA,Full adjustment,5,42,70,56,0.22586011742095674,0.11317953910232645,0.45072451298186794,0.7741398825790433,0.549275487018132,0.8868204608976735
pfizer,covidadmitted,none,none,,BNT162b2,COVID-19 hospitalisation, ,Main analysis,,0,treated_period_1,treated_period_1,treated_period_1,numeric,continuous,NA,NA,NA,NA,treated_period_1,-1.397011221568424,0.09439089789771657,0.0943907268947844,-14.80030155002034,1.4582738450490574e-49,-1.5820136467567576,-1.2120087963800905,NA,Unadjusted,1,0,7,3.5,0.24733509012707788,0.20556075442741803,0.2975988630639612,0.7526649098729221,0.7024011369360388,0.7944392455725819
pfizer,covidadmitted,none,none,,BNT162b2,COVID-19 hospitalisation, ,Main analysis,,0,treated_period_2,treated_period_2,treated_period_2,numeric,continuous,NA,NA,NA,NA,treated_period_2,-1.1512100979470505,0.086732946893924,0.08673386637730282,-13.272901878248424,3.324528215226361e-40,-1.3212053522864735,-0.9812148436076276,NA,Unadjusted,2,7,14,10.5,0.3162538396124573,0.26681350379786783,0.37485543140047445,0.6837461603875428,0.6251445685995256,0.7331864962021322
pfizer,covidadmitted,none,none,,BNT162b2,COVID-19 hospitalisation, ,Main analysis,,0,treated_period_3,treated_period_3,treated_period_3,numeric,continuous,NA,NA,NA,NA,treated_period_3,-1.8219125321538023,0.08922123199029332,0.08922580085727477,-20.419122211837877,1.1307772374366846e-92,-1.996791888325804,-1.6470331759818007,NA,Unadjusted,3,14,28,21,0.16171616761386826,0.1357701511180874,0.1926205329547779,0.8382838323861317,0.8073794670452221,0.8642298488819126
pfizer,covidadmitted,none,none,,BNT162b2,COVID-19 hospitalisation, ,Main analysis,,0,treated_period_4,treated_period_4,treated_period_4,numeric,continuous,NA,NA,NA,NA,treated_period_4,-2.2193053632726563,0.13715453102514805,0.1371492737764699,-16.181677832940977,6.791810515011797e-59,-2.488113000380361,-1.9504977261649517,NA,Unadjusted,4,28,42,35,0.10868457890998365,0.08306656535501568,0.1422032756784402,0.8913154210900164,0.8577967243215598,0.9169334346449843
pfizer,covidadmitted,none,none,,BNT162b2,COVID-19 hospitalisation, ,Main analysis,,0,treated_period_5,treated_period_5,treated_period_5,numeric,continuous,NA,NA,NA,NA,treated_period_5,-1.6779125325347786,0.11146692848132615,0.1114567085042418,-15.05438797765072,3.23075367899922e-51,-1.8963636670384716,-1.4594613980310855,NA,Unadjusted,5,42,70,56,0.18676343199765533,0.15011349058918064,0.23236139133558215,0.8132365680023447,0.7676386086644178,0.8498865094108193
pfizer,covidadmitted,none,none,,BNT162b2,COVID-19 hospitalisation, ,Main analysis,,3,treated_period_1,treated_period_1,treated_period_1,numeric,continuous,NA,NA,NA,NA,treated_period_1,-1.4013959275016192,0.09444671140626203,0.09444771690133034,-14.83779569775794,8.345340295724971e-50,-1.5865100510502617,-1.2162818039529768,NA,Full adjustment,1,0,7,3.5,0.24625297260716547,0.20463854503551113,0.2963299338711696,0.7537470273928345,0.7036700661288304,0.7953614549644888
pfizer,covidadmitted,none,none,,BNT162b2,COVID-19 hospitalisation, ,Main analysis,,3,treated_period_2,treated_period_2,treated_period_2,numeric,continuous,NA,NA,NA,NA,treated_period_2,-1.1581551964373125,0.08682382254318145,0.08689860266000952,-13.327661906930663,1.5982863563667668e-40,-1.3284733279577876,-0.9878370649168373,NA,Full adjustment,2,7,14,10.5,0.3140650350779239,0.2648813397095738,0.37238125708155523,0.6859349649220761,0.6276187429184448,0.7351186602904263
pfizer,covidadmitted,none,none,,BNT162b2,COVID-19 hospitalisation, ,Main analysis,,3,treated_period_3,treated_period_3,treated_period_3,numeric,continuous,NA,NA,NA,NA,treated_period_3,-1.8320642492304235,0.08937290434079033,0.08928388046452237,-20.51954103807583,1.4406600387460364e-93,-2.0070574393408664,-1.6570710591199804,NA,Full adjustment,3,14,28,21,0.16008277572742055,0.13438352512245402,0.19069670230219107,0.8399172242725794,0.809303297697809,0.865616474877546
pfizer,covidadmitted,none,none,,BNT162b2,COVID-19 hospitalisation, ,Main analysis,,3,treated_period_4,treated_period_4,treated_period_4,numeric,continuous,NA,NA,NA,NA,treated_period_4,-2.22632208046436,0.1373210476476768,0.1370749183044084,-16.2416444087916,2.5596957142613957e-59,-2.494983983524771,-1.9576601774039495,NA,Full adjustment,4,28,42,35,0.10792463921555577,0.08249777270469656,0.14118839052178167,0.8920753607844443,0.8588116094782183,0.9175022272953034
pfizer,covidadmitted,none,none,,BNT162b2,COVID-19 hospitalisation, ,Main analysis,,3,treated_period_5,treated_period_5,treated_period_5,numeric,continuous,NA,NA,NA,NA,treated_period_5,-1.6911252183810717,0.11173122814877542,0.11163984186313124,-15.148043835948512,7.80554629707661e-52,-1.909935287672556,-1.4723151490895874,NA,Full adjustment,5,42,70,56,0.18431201600072342,0.14808996953199158,0.2293937891243354,0.8156879839992766,0.7706062108756646,0.8519100304680084
pfizer,noncovidadmitted,none,none,,BNT162b2,Non-COVID-19 hospitalisation, ,Main analysis,,0,treated_period_1,treated_period_1,treated_period_1,numeric,continuous,NA,NA,NA,NA,treated_period_1,-0.5816594886580514,0.015794552297754064,0.015754081662019206,-36.92119294140436,2.112356796792537e-298,-0.612536921325112,-0.5507820559909908,NA,Unadjusted,1,0,7,3.5,0.5589699921029251,0.5419741776849606,0.5764987797133833,0.4410300078970749,0.42350122028661674,0.4580258223150394
pfizer,noncovidadmitted,none,none,,BNT162b2,Non-COVID-19 hospitalisation, ,Main analysis,,0,treated_period_2,treated_period_2,treated_period_2,numeric,continuous,NA,NA,NA,NA,treated_period_2,-0.47583217435225483,0.017962536868064656,0.017943603119166963,-26.518206582711436,5.977541258071918e-155,-0.5110009902187026,-0.440663358485807,NA,Unadjusted,2,7,14,10.5,0.6213677549433619,0.5998947893538514,0.6436093357290553,0.37863224505663806,0.3563906642709447,0.40010521064614857
pfizer,noncovidadmitted,none,none,,BNT162b2,Non-COVID-19 hospitalisation, ,Main analysis,,0,treated_period_3,treated_period_3,treated_period_3,numeric,continuous,NA,NA,NA,NA,treated_period_3,-0.5221778337848686,0.016605083881077815,0.01659933107435566,-31.457763656005525,3.2873209112753906e-217,-0.5547119248580622,-0.48964374271167493,NA,Unadjusted,3,14,28,21,0.5932271899056661,0.5742376609672001,0.6128446856840246,0.40677281009433386,0.3871553143159754,0.4257623390327999
pfizer,noncovidadmitted,none,none,,BNT162b2,Non-COVID-19 hospitalisation, ,Main analysis,,0,treated_period_4,treated_period_4,treated_period_4,numeric,continuous,NA,NA,NA,NA,treated_period_4,-0.5609399087860119,0.024194229959926837,0.024192423343206124,-23.18659444852757,6.21725121493018e-119,-0.6083561872374419,-0.5135236303345818,NA,Unadjusted,4,28,42,35,0.5706724316632131,0.5442447706697711,0.598383377868059,0.42932756833678687,0.40161662213194105,0.45575522933022894
pfizer,noncovidadmitted,none,none,,BNT162b2,Non-COVID-19 hospitalisation, ,Main analysis,,0,treated_period_5,treated_period_5,treated_period_5,numeric,continuous,NA,NA,NA,NA,treated_period_5,-0.5219923270192893,0.02802354624820284,0.028021723563289247,-18.628130630163735,1.9004700899037145e-77,-0.5769138959880736,-0.467070758050505,NA,Unadjusted,5,42,70,56,0.5933372477708428,0.5616289401522714,0.6268357351685429,0.40666275222915715,0.37316426483145715,0.4383710598477286
pfizer,noncovidadmitted,none,none,,BNT162b2,Non-COVID-19 hospitalisation, ,Main analysis,,3,treated_period_1,treated_period_1,treated_period_1,numeric,continuous,NA,NA,NA,NA,treated_period_1,-0.5919195993986505,0.0158118148856574,0.015776399103420134,-37.519309413916226,4.461847868975412e-308,-0.6228407734470839,-0.560998425350217,NA,Full adjustment,1,0,7,3.5,0.5532642190686191,0.5364184278705418,0.5706390388502515,0.4467357809313809,0.42936096114974853,0.46358157212945816
pfizer,noncovidadmitted,none,none,,BNT162b2,Non-COVID-19 hospitalisation, ,Main analysis,,3,treated_period_2,treated_period_2,treated_period_2,numeric,continuous,NA,NA,NA,NA,treated_period_2,-0.49099914331916694,0.017988702651994454,0.01797951715630293,-27.308805851165,3.33402323152375e-164,-0.5262383494049407,-0.4557599372333932,NA,Full adjustment,2,7,14,10.5,0.6120145983023012,0.5908232655240018,0.6339660104666457,0.3879854016976988,0.3660339895333543,0.4091767344759982
pfizer,noncovidadmitted,none,none,,BNT162b2,Non-COVID-19 hospitalisation, ,Main analysis,,3,treated_period_3,treated_period_3,treated_period_3,numeric,continuous,NA,NA,NA,NA,treated_period_3,-0.5436844382824798,0.016652840490163422,0.016663181978575938,-32.62788817775031,1.6501848537047092e-233,-0.5763436748283255,-0.5110252017366341,NA,Full adjustment,3,14,28,21,0.5806051029791849,0.5619492841826653,0.5998802651662289,0.4193948970208151,0.40011973483377106,0.4380507158173347
pfizer,noncovidadmitted,none,none,,BNT162b2,Non-COVID-19 hospitalisation, ,Main analysis,,3,treated_period_4,treated_period_4,treated_period_4,numeric,continuous,NA,NA,NA,NA,treated_period_4,-0.5879036125258787,0.024251159523747807,0.024275703613611532,-24.21777847857055,1.445569835395934e-129,-0.6354831173079262,-0.5403241077438313,NA,Full adjustment,4,28,42,35,0.5554905884524151,0.5296795291452095,0.5825594097570215,0.44450941154758494,0.4174405902429785,0.47032047085479045
pfizer,noncovidadmitted,none,none,,BNT162b2,Non-COVID-19 hospitalisation, ,Main analysis,,3,treated_period_5,treated_period_5,treated_period_5,numeric,continuous,NA,NA,NA,NA,treated_period_5,-0.5559183557516137,0.02809243503373035,0.02809681430120852,-19.785814498112057,3.9447300015958767e-87,-0.6109870998622924,-0.5008496116409351,NA,Full adjustment,5,42,70,56,0.5735453006391892,0.5428147921307265,0.6060155630506024,0.4264546993608108,0.39398443694939755,0.4571852078692735
pfizer,coviddeath,none,none,,BNT162b2,COVID-19 death, ,Main analysis,,0,treated_period_1,treated_period_1,treated_period_1,numeric,continuous,NA,NA,NA,NA,treated_period_1,-2.9444647061102076,1.0259778536827233,1.0259772118097301,-2.869912384229705,0.004105855504113629,-4.9553430902161,-0.9335863220043144,NA,Unadjusted,1,0,7,3.5,0.0526302249151141,0.007045662567015988,0.3931412480045345,0.947369775084886,0.6068587519954656,0.992954337432984
pfizer,coviddeath,none,none,,BNT162b2,COVID-19 death, ,Main analysis,,0,treated_period_2,treated_period_2,treated_period_2,numeric,continuous,NA,NA,NA,NA,treated_period_2,-1.4057995873144398,0.30950121491791793,0.3094966803826349,-4.542212167110907,5.566697349367078e-6,-2.0124019341991084,-0.7991972404297712,NA,Unadjusted,2,7,14,10.5,0.24517094248277513,0.13366722888917315,0.4496898120610396,0.7548290575172248,0.5503101879389605,0.8663327711108268
pfizer,coviddeath,none,none,,BNT162b2,COVID-19 death, ,Main analysis,,0,treated_period_3,treated_period_3,treated_period_3,numeric,continuous,NA,NA,NA,NA,treated_period_3,-1.6721222097148531,0.20242596782680186,0.20244052388292383,-8.259819613398557,1.4589277693121956e-16,-2.0688983455368044,-1.2753460738929019,NA,Unadjusted,3,14,28,21,0.1878479894986654,0.12632487143498972,0.2793342811898313,0.8121520105013346,0.7206657188101687,0.8736751285650103
pfizer,coviddeath,none,none,,BNT162b2,COVID-19 death, ,Main analysis,,0,treated_period_4,treated_period_4,treated_period_4,numeric,continuous,NA,NA,NA,NA,treated_period_4,-2.6346412582828904,0.3122308007002423,0.3122410359512949,-8.437844341170635,3.2324370923811744e-17,-3.2466224432429045,-2.0226600733228763,NA,Unadjusted,4,28,42,35,0.07174470261033626,0.038905391334537694,0.132303060734828,0.9282552973896637,0.867696939265172,0.9610946086654623
pfizer,coviddeath,none,none,,BNT162b2,COVID-19 death, ,Main analysis,,0,treated_period_5,treated_period_5,treated_period_5,numeric,continuous,NA,NA,NA,NA,treated_period_5,-2.6728570321984004,0.3272504216454315,0.32720251267561984,-8.16881572926123,3.1143142103327575e-16,-3.3141621726936257,-2.031551891703175,NA,Unadjusted,5,42,70,56,0.0690546518430969,0.03636450299137759,0.13113186071323452,0.9309453481569031,0.8688681392867654,0.9636354970086224
pfizer,coviddeath,none,none,,BNT162b2,COVID-19 death, ,Main analysis,,3,treated_period_1,treated_period_1,treated_period_1,numeric,continuous,NA,NA,NA,NA,treated_period_1,-2.9621394366677074,1.0260404293704526,1.0261179899310804,-2.886743499026521,0.0038925141925379965,-4.9732937408212585,-0.9509851325141563,NA,Full adjustment,1,0,7,3.5,0.05170817238921256,0.006920316725484573,0.3863602198995169,0.9482918276107875,0.6136397801004831,0.9930796832745155
pfizer,coviddeath,none,none,,BNT162b2,COVID-19 death, ,Main analysis,,3,treated_period_2,treated_period_2,treated_period_2,numeric,continuous,NA,NA,NA,NA,treated_period_2,-1.4326611023244074,0.3096997993957699,0.3090885302032045,-4.635115710642938,3.567378737752337e-6,-2.0384634895571088,-0.8268587150917059,NA,Full adjustment,2,7,14,10.5,0.23867294329235839,0.13022865491928295,0.43742119501383675,0.7613270567076416,0.5625788049861633,0.8697713450807171
pfizer,coviddeath,none,none,,BNT162b2,COVID-19 death, ,Main analysis,,3,treated_period_3,treated_period_3,treated_period_3,numeric,continuous,NA,NA,NA,NA,treated_period_3,-1.7266222488771876,0.202929883338602,0.20252240316734627,-8.525586413521188,1.520375870280694e-17,-2.123558865147687,-1.3296856326066884,NA,Full adjustment,3,14,28,21,0.17788424506123413,0.11960521136275784,0.2645604173971469,0.8221157549387659,0.735439582602853,0.8803947886372422
pfizer,coviddeath,none,none,,BNT162b2,COVID-19 death, ,Main analysis,,3,treated_period_4,treated_period_4,treated_period_4,numeric,continuous,NA,NA,NA,NA,treated_period_4,-2.6912434314186102,0.3127275373265459,0.31084783260905574,-8.657751958024132,4.811591319770278e-18,-3.300493988004695,-2.0819928748325256,NA,Full adjustment,4,28,42,35,0.06779658653337488,0.036864952058419484,0.12468148984145047,0.9322034134666252,0.8753185101585496,0.9631350479415806
pfizer,coviddeath,none,none,,BNT162b2,COVID-19 death, ,Main analysis,,3,treated_period_5,treated_period_5,treated_period_5,numeric,continuous,NA,NA,NA,NA,treated_period_5,-2.7532301063868845,0.3279025844097634,0.3261494298922329,-8.441621704801427,3.129648277242256e-17,-3.392471242553932,-2.113988970219837,NA,Full adjustment,5,42,70,56,0.06372170055359466,0.03362547742816041,0.12075531507670034,0.9362782994464054,0.8792446849232997,0.9663745225718396
pfizer,noncoviddeath,none,none,,BNT162b2,Non-COVID-19 death, ,Main analysis,,0,treated_period_1,treated_period_1,treated_period_1,numeric,continuous,NA,NA,NA,NA,treated_period_1,-1.6968655120539857,0.08546379978395233,0.08546409576016138,-19.854717901841656,1.0032430171246311e-87,-1.8643720617151844,-1.529358962392787,NA,Unadjusted,1,0,7,3.5,0.18325704172936724,0.15499350568995005,0.21667451932198356,0.8167429582706327,0.7833254806780164,0.8450064943100499
pfizer,noncoviddeath,none,none,,BNT162b2,Non-COVID-19 death, ,Main analysis,,0,treated_period_2,treated_period_2,treated_period_2,numeric,continuous,NA,NA,NA,NA,treated_period_2,-1.3034938679022539,0.07264140243515588,0.07264153147984717,-17.944195852532104,5.327618559044212e-72,-1.4458686533845868,-1.161119082419921,NA,Unadjusted,2,7,14,10.5,0.2715812644276154,0.23554138384493933,0.313135560231986,0.7284187355723846,0.6868644397680139,0.7644586161550606
pfizer,noncoviddeath,none,none,,BNT162b2,Non-COVID-19 death, ,Main analysis,,0,treated_period_3,treated_period_3,treated_period_3,numeric,continuous,NA,NA,NA,NA,treated_period_3,-1.4366115900386482,0.05848725927026592,0.05848742773623036,-24.562741868518373,3.1613544819670043e-133,-1.5512448419500489,-1.3219783381272476,NA,Unadjusted,3,14,28,21,0.23773192871923207,0.2119839230299635,0.2666073404282529,0.7622680712807679,0.733392659571747,0.7880160769700365
pfizer,noncoviddeath,none,none,,BNT162b2,Non-COVID-19 death, ,Main analysis,,0,treated_period_4,treated_period_4,treated_period_4,numeric,continuous,NA,NA,NA,NA,treated_period_4,-1.708172149981499,0.07282844045597446,0.07283000724266125,-23.45423561870679,1.1966905951635086e-121,-1.8509163411709064,-1.5654279587920916,NA,Unadjusted,4,28,42,35,0.18119669048321035,0.1570931494189201,0.20899855126409517,0.8188033095167897,0.7910014487359048,0.84290685058108
pfizer,noncoviddeath,none,none,,BNT162b2,Non-COVID-19 death, ,Main analysis,,0,treated_period_5,treated_period_5,treated_period_5,numeric,continuous,NA,NA,NA,NA,treated_period_5,-1.7910066028841396,0.07329913278773464,0.07329680250906206,-24.434989543543978,7.26740971066623e-132,-1.9346656959838462,-1.647347509784433,NA,Unadjusted,5,42,70,56,0.16679219163648606,0.14447255850790774,0.19255999532519927,0.8332078083635139,0.8074400046748007,0.8555274414920923
pfizer,noncoviddeath,none,none,,BNT162b2,Non-COVID-19 death, ,Main analysis,,3,treated_period_1,treated_period_1,treated_period_1,numeric,continuous,NA,NA,NA,NA,treated_period_1,-1.7273652998383826,0.08549710473155782,0.0856088023710257,-20.177426292591257,1.54588309149299e-90,-1.8951554692452002,-1.559575130431565,NA,Full adjustment,1,0,7,3.5,0.1777521170969446,0.15029496698486544,0.21022537059160193,0.8222478829030554,0.789774629408398,0.8497050330151346
pfizer,noncoviddeath,none,none,,BNT162b2,Non-COVID-19 death, ,Main analysis,,3,treated_period_2,treated_period_2,treated_period_2,numeric,continuous,NA,NA,NA,NA,treated_period_2,-1.3449072306849563,0.07270501715849109,0.07270423937587263,-18.49833300272821,2.129595033586823e-76,-1.4874049213850455,-1.202409539984867,NA,Full adjustment,2,7,14,10.5,0.26056387907137146,0.22595827483362693,0.30046934606272024,0.7394361209286285,0.6995306539372798,0.774041725166373
pfizer,noncoviddeath,none,none,,BNT162b2,Non-COVID-19 death, ,Main analysis,,3,treated_period_3,treated_period_3,treated_period_3,numeric,continuous,NA,NA,NA,NA,treated_period_3,-1.4855549700309034,0.05860573973176436,0.058752744310474336,-25.28486094505821,4.6872513151597105e-141,-1.6007082328723237,-1.3704017071894832,NA,Full adjustment,3,14,28,21,0.2263766735394367,0.2017535788668732,0.25400490345995574,0.7736233264605633,0.7459950965400443,0.7982464211331268
pfizer,noncoviddeath,none,none,,BNT162b2,Non-COVID-19 death, ,Main analysis,,3,treated_period_4,treated_period_4,treated_period_4,numeric,continuous,NA,NA,NA,NA,treated_period_4,-1.7602189510489814,0.07299000307761706,0.07312406506207447,-24.07167803861485,4.950578234736575e-128,-1.903539484973811,-1.6168984171241518,NA,Full adjustment,4,28,42,35,0.17200719854322136,0.14904015913232752,0.19851345115928368,0.8279928014567787,0.8014865488407164,0.8509598408676725
pfizer,noncoviddeath,none,none,,BNT162b2,Non-COVID-19 death, ,Main analysis,,3,treated_period_5,treated_period_5,treated_period_5,numeric,continuous,NA,NA,NA,NA,treated_period_5,-1.84483411544917,0.07349550593783771,0.07356455464579852,-25.07775822652294,8.697125697425394e-139,-1.9890179930936638,-1.7006502378046764,NA,Full adjustment,5,42,70,56,0.15805153702338898,0.1368297272292228,0.18256477493087223,0.841948462976611,0.8174352250691278,0.8631702727707772
moderna,postest,none,none,,mRNA-1273,Positive SARS-CoV-2 test, ,Main analysis,,0,treated_period_1,treated_period_1,treated_period_1,numeric,continuous,NA,NA,NA,NA,treated_period_1,-0.2736717817874965,0.016023680697088934,0.01602153913711016,-17.081491325237263,2.038415633989743e-65,-0.3050734214731314,-0.24227014210186168,NA,Unadjusted,1,0,7,3.5,0.7605816710542351,0.7370692556943619,0.7848441294687931,0.23941832894576487,0.21515587053120688,0.2629307443056381
moderna,postest,none,none,,mRNA-1273,Positive SARS-CoV-2 test, ,Main analysis,,0,treated_period_2,treated_period_2,treated_period_2,numeric,continuous,NA,NA,NA,NA,treated_period_2,-0.6690084383629811,0.01860145214460973,0.018609125404887444,-35.950557793934514,4.960816179387431e-283,-0.7054816539403498,-0.6325352227856124,NA,Unadjusted,2,7,14,10.5,0.5122162200192982,0.49387064221944194,0.5312432722702336,0.48778377998070177,0.4687567277297664,0.5061293577805581
moderna,postest,none,none,,mRNA-1273,Positive SARS-CoV-2 test, ,Main analysis,,0,treated_period_3,treated_period_3,treated_period_3,numeric,continuous,NA,NA,NA,NA,treated_period_3,-1.014697168529577,0.018665154890462964,0.018662572914515074,-54.370700823378016,0,-1.0512751393008792,-0.9781191977582747,NA,Unadjusted,3,14,28,21,0.3625121933122806,0.34949181410944913,0.37601764903977253,0.6374878066877194,0.6239823509602275,0.6505081858905508
moderna,postest,none,none,,mRNA-1273,Positive SARS-CoV-2 test, ,Main analysis,,0,treated_period_4,treated_period_4,treated_period_4,numeric,continuous,NA,NA,NA,NA,treated_period_4,-0.7292988044340404,0.034031424439029144,0.034027245799496356,-21.43278973359739,6.6098639558865946e-102,-0.7959909806941451,-0.6626066281739357,NA,Unadjusted,4,28,42,35,0.4822470210362999,0.4511339482997543,0.5155058495927254,0.5177529789637001,0.4844941504072746,0.5488660517002457
moderna,postest,none,none,,mRNA-1273,Positive SARS-CoV-2 test, ,Main analysis,,0,treated_period_5,treated_period_5,treated_period_5,numeric,continuous,NA,NA,NA,NA,treated_period_5,-0.4108009233293004,0.09041318361029879,0.09040900882323405,-4.543805187959648,5.524772048735376e-6,-0.58799932450080306,-0.23360252215779773,NA,Unadjusted,5,42,70,56,0.6631189299702498,0.5554374238954254,0.7916764272039372,0.3368810700297502,0.20832357279606284,0.4445625761045746
moderna,postest,none,none,,mRNA-1273,Positive SARS-CoV-2 test, ,Main analysis,,3,treated_period_1,treated_period_1,treated_period_1,numeric,continuous,NA,NA,NA,NA,treated_period_1,-0.35748596208640065,0.016099225084847367,0.016086730086526013,-22.222413141986213,2.0855751356203452e-109,-0.38901537368500855,-0.32595655048779276,NA,Full adjustment,1,0,7,3.5,0.6994325174470618,0.6777238508208754,0.7218365501963618,0.3005674825529382,0.27816344980363816,0.3222761491791246
moderna,postest,none,none,,mRNA-1273,Positive SARS-CoV-2 test, ,Main analysis,,3,treated_period_2,treated_period_2,treated_period_2,numeric,continuous,NA,NA,NA,NA,treated_period_2,-0.782680857075796,0.018713885645010104,0.01873106801849009,-41.785169767318365,0,-0.8193930757840067,-0.7459686383675854,NA,Full adjustment,2,7,14,10.5,0.457178736115951,0.44069904427706463,0.47427467672286033,0.542821263884049,0.5257253232771397,0.5593009557229354
moderna,postest,none,none,,mRNA-1273,Positive SARS-CoV-2 test, ,Main analysis,,3,treated_period_3,treated_period_3,treated_period_3,numeric,continuous,NA,NA,NA,NA,treated_period_3,-1.1559308170371954,0.018827498112485748,0.01884564108991796,-61.33677339613537,0,-1.1928675948390026,-1.118994039235388,NA,Full adjustment,3,14,28,21,0.3147644124241606,0.30335013036615494,0.32660818444065887,0.6852355875758394,0.6733918155593411,0.696649869633845
moderna,postest,none,none,,mRNA-1273,Positive SARS-CoV-2 test, ,Main analysis,,3,treated_period_4,treated_period_4,treated_period_4,numeric,continuous,NA,NA,NA,NA,treated_period_4,-0.9028531971507285,0.0341815956775052,0.03412500508178231,-26.457232606617787,3.012533043726935e-154,-0.9697369780832682,-0.8359694162181889,NA,Full adjustment,4,28,42,35,0.40541128966079193,0.3791827583644135,0.4334540802788033,0.594588710339208,0.5665459197211967,0.6208172416355865
moderna,postest,none,none,,mRNA-1273,Positive SARS-CoV-2 test, ,Main analysis,,3,treated_period_5,treated_period_5,treated_period_5,numeric,continuous,NA,NA,NA,NA,treated_period_5,-0.6110096740870866,0.0905818139220068,0.09012246520295804,-6.779770978424498,1.20366535150569e-11,-0.7876464600828486,-0.4343728880913247,NA,Full adjustment,5,42,70,56,0.5428025386458943,0.45491419506815545,0.6476707017601095,0.45719746135410566,0.35232929823989045,0.5450858049318446
moderna,covidemergency,none,none,,mRNA-1273,COVID-19 A&E attendance, ,Main analysis,,0,treated_period_1,treated_period_1,treated_period_1,numeric,continuous,NA,NA,NA,NA,treated_period_1,-0.47002945343730934,0.2850438563598327,0.28504255216403196,-1.6489799500771518,0.09915174235772556,-1.0287025897401916,0.08864368286557284,NA,Unadjusted,1,0,7,3.5,0.6249838600886674,0.3574704456627563,1.092691242340728,0.37501613991133265,-0.09269124234072801,0.6425295543372437
moderna,covidemergency,none,none,,mRNA-1273,COVID-19 A&E attendance, ,Main analysis,,0,treated_period_2,treated_period_2,treated_period_2,numeric,continuous,NA,NA,NA,NA,treated_period_2,-1.1455319470495904,0.3068482437146542,0.30685045513776416,-3.7331929214030013,1.890676659441471e-4,-1.7469477877593316,-0.5441161063398492,NA,Unadjusted,2,7,14,10.5,0.3180546845317983,0.17430514867089966,0.5803545283886974,0.6819453154682017,0.4196454716113026,0.8256948513291004
moderna,covidemergency,none,none,,mRNA-1273,COVID-19 A&E attendance, ,Main analysis,,0,treated_period_3,treated_period_3,treated_period_3,numeric,continuous,NA,NA,NA,NA,treated_period_3,-2.0813853835226657,0.3750000177517911,0.3749975316584336,-5.5503975567991075,2.850206910988337e-8,-2.816367039864614,-1.3464037271807174,NA,Unadjusted,3,14,28,21,0.12475725577427232,0.05982288255092706,0.26017423776056425,0.8752427442257277,0.7398257622394357,0.940177117449073
moderna,covidemergency,none,none,,mRNA-1273,COVID-19 A&E attendance, ,Main analysis,,0,treated_period_4,treated_period_4,treated_period_4,numeric,continuous,NA,NA,NA,NA,treated_period_4,-17.210241386441993,1010.1061833502823,0.18572372473639545,-92.66582075536728,0,-17.57425319799996,-16.846229574884028,NA,Unadjusted,4,28,42,35,3.354958354934439e-8,2.331303483084253e-8,4.8280910851011744e-8,0.9999999664504164,0.9999999517190892,0.9999999766869652
moderna,covidemergency,none,none,,mRNA-1273,COVID-19 A&E attendance, ,Main analysis,,0,treated_period_5,treated_period_5,treated_period_5,numeric,continuous,NA,NA,NA,NA,treated_period_5,-2.2221371844709172,1.0540979236967585,1.0552245316872557,-2.105842991460615,0.035217993024432404,-4.290339262181083,-0.1539351067607515,NA,Unadjusted,5,42,70,56,0.10837723898674244,0.013700276523138207,0.8573276539749001,0.8916227610132575,0.14267234602509993,0.9862997234768618
moderna,covidemergency,none,none,,mRNA-1273,COVID-19 A&E attendance, ,Main analysis,,3,treated_period_1,treated_period_1,treated_period_1,numeric,continuous,NA,NA,NA,NA,treated_period_1,-0.5165102620666074,0.28614079481057797,0.2881504184105217,-1.7925022108791333,0.07305255534935245,-1.0812747042813773,0.048254180148162296,NA,Full adjustment,1,0,7,3.5,0.596598893209517,0.3391629175567318,1.0494373675721318,0.403401106790483,-0.049437367572131796,0.6608370824432682
moderna,covidemergency,none,none,,mRNA-1273,COVID-19 A&E attendance, ,Main analysis,,3,treated_period_2,treated_period_2,treated_period_2,numeric,continuous,NA,NA,NA,NA,treated_period_2,-1.1905023246951778,0.30820083669867177,0.30747446222327623,-3.871873833315888,1.0800185537040416e-4,-1.7931411968186204,-0.5878634525717351,NA,Full adjustment,2,7,14,10.5,0.30406848458863006,0.1664365377592491,0.5555128973769342,0.6959315154113699,0.4444871026230658,0.8335634622407508
moderna,covidemergency,none,none,,mRNA-1273,COVID-19 A&E attendance, ,Main analysis,,3,treated_period_3,treated_period_3,treated_period_3,numeric,continuous,NA,NA,NA,NA,treated_period_3,-2.14408462173476,0.37658218614201316,0.37839158861461547,-5.666311530826518,1.4590414967640746e-8,-2.8857185074723026,-1.4024507359972174,NA,Full adjustment,3,14,28,21,0.1171752476424305,0.05581467186698734,0.24599335982454834,0.8828247523575695,0.7540066401754517,0.9441853281330127
moderna,covidemergency,none,none,,mRNA-1273,COVID-19 A&E attendance, ,Main analysis,,3,treated_period_4,treated_period_4,treated_period_4,numeric,continuous,NA,NA,NA,NA,treated_period_4,-17.325937438496638,1036.8736343654377,0.19143709618187796,-90.50459803274411,0,-17.701147252318048,-16.950727624675228,NA,Full adjustment,4,28,42,35,2.988415474980023e-8,2.053475023882834e-8,4.349031250554735e-8,0.9999999701158453,0.9999999565096875,0.9999999794652498
moderna,covidemergency,none,none,,mRNA-1273,COVID-19 A&E attendance, ,Main analysis,,3,treated_period_5,treated_period_5,treated_period_5,numeric,continuous,NA,NA,NA,NA,treated_period_5,-2.3066467502531034,1.0566123511150016,1.061373749932136,-2.173265308663032,0.029760354898649838,-4.386901074256311,-0.22639242624989553,NA,Full adjustment,5,42,70,56,0.09959465801145508,0.012439217765234748,0.7974051175581702,0.9004053419885449,0.20259488244182977,0.9875607822347653
moderna,covidadmittedproxy1,none,none,,mRNA-1273,COVID-19 hospitalisation (A&E proxy), ,Main analysis,,0,treated_period_1,treated_period_1,treated_period_1,numeric,continuous,NA,NA,NA,NA,treated_period_1,-1.098644268164695,0.5163977796136497,0.5163947086643197,-2.1275281286409626,0.033376226717833087,-2.1107592989538153,-0.08652923737557483,NA,Unadjusted,1,0,7,3.5,0.3333226736715844,0.12114594551242172,0.9171087345402038,0.6666773263284156,0.08289126545979619,0.8788540544875783
moderna,covidadmittedproxy1,none,none,,mRNA-1273,COVID-19 hospitalisation (A&E proxy), ,Main analysis,,0,treated_period_2,treated_period_2,treated_period_2,numeric,continuous,NA,NA,NA,NA,treated_period_2,-1.0119381472902496,0.5838742090624763,0.5838843587546941,-1.7331139841603336,0.08307541129741487,-2.156330461585714,0.13245416700521484,NA,Unadjusted,2,7,14,10.5,0.3635137531802791,0.11574908840637135,1.1416266907199173,0.6364862468197209,-0.1416266907199173,0.8842509115936287
moderna,covidadmittedproxy1,none,none,,mRNA-1273,COVID-19 hospitalisation (A&E proxy), ,Main analysis,,0,treated_period_3,treated_period_3,treated_period_3,numeric,continuous,NA,NA,NA,NA,treated_period_3,-18.204508373805304,2487.3503683335553,0.27735357738825467,-65.63646499616495,0,-18.748111396469625,-17.660905351140983,NA,Unadjusted,3,14,28,21,1.2413163264388047e-8,7.20773273354589e-9,2.1377960022187034e-8,0.9999999875868367,0.9999999786220399,0.9999999927922673
moderna,covidadmittedproxy1,none,none,,mRNA-1273,COVID-19 hospitalisation (A&E proxy), ,Main analysis,,0,treated_period_4,treated_period_4,treated_period_4,numeric,continuous,NA,NA,NA,NA,treated_period_4,-18.210165729110884,3389.7224243607293,0.37797804449052774,-48.177839942148374,0,-18.950989083259195,-17.469342374962572,NA,Unadjusted,4,28,42,35,1.2343135861058837e-8,5.884235076073905e-9,2.589172609776326e-8,0.9999999876568642,0.9999999741082739,0.9999999941157649
moderna,covidadmittedproxy1,none,none,,mRNA-1273,COVID-19 hospitalisation (A&E proxy), ,Main analysis,,0,treated_period_5,treated_period_5,treated_period_5,numeric,continuous,NA,NA,NA,NA,treated_period_5,-0.018196767091763495,1.4142173663296584,1.4174669851327526,-0.012837524459209384,0.9897574187688775,-2.7963810072265303,2.759987473043003,NA,Unadjusted,5,42,70,56,0.9819677944003791,0.06103053250123046,15.799645025546916,0.018032205599620932,-14.799645025546916,0.9389694674987695
moderna,covidadmittedproxy1,none,none,,mRNA-1273,COVID-19 hospitalisation (A&E proxy), ,Main analysis,,3,treated_period_1,treated_period_1,treated_period_1,numeric,continuous,NA,NA,NA,NA,treated_period_1,-1.0964011212725782,0.5185170570627605,0.5288783593663295,-2.073068602364862,0.038165895532514114,-2.1329836578332158,-0.05981858471194057,NA,Full adjustment,1,0,7,3.5,0.3340712046096609,0.11848325246155926,0.9419353995667752,0.6659287953903391,0.05806460043322481,0.8815167475384408
moderna,covidadmittedproxy1,none,none,,mRNA-1273,COVID-19 hospitalisation (A&E proxy), ,Main analysis,,3,treated_period_2,treated_period_2,treated_period_2,numeric,continuous,NA,NA,NA,NA,treated_period_2,-0.9878510586222958,0.5863012293726798,0.5885575167745634,-1.6784273931899758,0.09326369366362351,-2.1414025943307684,0.16570047708617686,NA,Full adjustment,2,7,14,10.5,0.37237604612438574,0.11748993668135312,1.180219545979533,0.6276239538756143,-0.18021954597953305,0.8825100633186469
moderna,covidadmittedproxy1,none,none,,mRNA-1273,COVID-19 hospitalisation (A&E proxy), ,Main analysis,,3,treated_period_3,treated_period_3,treated_period_3,numeric,continuous,NA,NA,NA,NA,treated_period_3,-16.339323667373993,981.4903585906709,0.28479848717490414,-57.37152549317959,0,-16.8975184450883,-15.781128889659689,NA,Full adjustment,3,14,28,21,8.01533896566007e-8,4.586706823232863e-8,1.4006925057648672e-7,0.9999999198466103,0.9999998599307495,0.9999999541329317
moderna,covidadmittedproxy1,none,none,,mRNA-1273,COVID-19 hospitalisation (A&E proxy), ,Main analysis,,3,treated_period_4,treated_period_4,treated_period_4,numeric,continuous,NA,NA,NA,NA,treated_period_4,-16.216970851769133,1289.0381472420468,0.398529786272824,-40.691991942272,0,-16.998074879630312,-15.435866823907954,NA,Full adjustment,4,28,42,35,9.058557510328126e-8,4.14791527362971e-8,1.9782820707452926e-7,0.9999999094144248,0.999999802171793,0.9999999585208472
moderna,covidadmittedproxy1,none,none,,mRNA-1273,COVID-19 hospitalisation (A&E proxy), ,Main analysis,,3,treated_period_5,treated_period_5,treated_period_5,numeric,continuous,NA,NA,NA,NA,treated_period_5,-0.05909713973733428,1.424909791927221,1.4300585706506665,-0.04132497853598087,0.9670368200837927,-2.8619604339954683,2.7437661545208,NA,Full adjustment,5,42,70,56,0.9426151993167677,0.05715659861963892,15.545421446364632,0.05738480068323226,-14.545421446364632,0.942843401380361
moderna,covidadmitted,none,none,,mRNA-1273,COVID-19 hospitalisation, ,Main analysis,,0,treated_period_1,treated_period_1,treated_period_1,numeric,continuous,NA,NA,NA,NA,treated_period_1,-1.3626471473634292,0.19811612765061679,0.198115506401478,-6.878043885176994,6.067997953158885e-12,-1.7509464046892405,-0.9743478900376179,NA,Unadjusted,1,0,7,3.5,0.2559822565225539,0.17360956077403325,0.37743840467212014,0.7440177434774461,0.6225615953278798,0.8263904392259668
moderna,covidadmitted,none,none,,mRNA-1273,COVID-19 hospitalisation, ,Main analysis,,0,treated_period_2,treated_period_2,treated_period_2,numeric,continuous,NA,NA,NA,NA,treated_period_2,-1.437292778457493,0.20659012613971542,0.20659262377622956,-6.957135023437691,3.4726210653141153e-12,-1.842206880530536,-1.0323786763844498,NA,Unadjusted,2,7,14,10.5,0.23757004362598405,0.1584673214829681,0.35615876573340094,0.762429956374016,0.6438412342665991,0.8415326785170318
moderna,covidadmitted,none,none,,mRNA-1273,COVID-19 hospitalisation, ,Main analysis,,0,treated_period_3,treated_period_3,treated_period_3,numeric,continuous,NA,NA,NA,NA,treated_period_3,-2.1873147466658778,0.24860724775356116,0.2485987279185203,-8.798575781058634,1.3856341844142771e-18,-2.6745592999886494,-1.7000701933431062,NA,Unadjusted,3,14,28,21,0.11221767729374087,0.06893720232712283,0.18267070133549093,0.8877823227062591,0.8173292986645091,0.9310627976728771
moderna,covidadmitted,none,none,,mRNA-1273,COVID-19 hospitalisation, ,Main analysis,,0,treated_period_4,treated_period_4,treated_period_4,numeric,continuous,NA,NA,NA,NA,treated_period_4,-2.476065099477565,0.46577810751539,0.46580799456602284,-5.315634614181384,1.0628623940891058e-7,-3.3890319925377987,-1.5630982064173313,NA,Unadjusted,4,28,42,35,0.0840733960222134,0.03374132294861244,0.20948603377149452,0.9159266039777866,0.7905139662285054,0.9662586770513876
moderna,covidadmitted,none,none,,mRNA-1273,COVID-19 hospitalisation, ,Main analysis,,0,treated_period_5,treated_period_5,treated_period_5,numeric,continuous,NA,NA,NA,NA,treated_period_5,-2.733933045094042,1.0327987990346155,1.031343777600691,-2.650845532276579,0.008029055266503573,-4.755329704870883,-0.7125363853172004,NA,Unadjusted,5,42,70,56,0.06496328303369069,0.008605706882005718,0.49039877843617674,0.9350367169663093,0.5096012215638233,0.9913942931179943
moderna,covidadmitted,none,none,,mRNA-1273,COVID-19 hospitalisation, ,Main analysis,,3,treated_period_1,treated_period_1,treated_period_1,numeric,continuous,NA,NA,NA,NA,treated_period_1,-1.3672721131148564,0.19877493860720735,0.1996130839793528,-6.8496116880608975,7.405071615147322e-12,-1.758506568557357,-0.9760376576723557,NA,Full adjustment,1,0,7,3.5,0.2548010809070233,0.1723019929868277,0.37680116002111924,0.7451989190929766,0.6231988399788808,0.8276980070131723
moderna,covidadmitted,none,none,,mRNA-1273,COVID-19 hospitalisation, ,Main analysis,,3,treated_period_2,treated_period_2,treated_period_2,numeric,continuous,NA,NA,NA,NA,treated_period_2,-1.443153239702764,0.20740512631945918,0.208995232869592,-6.905196926684241,5.013383235650998e-12,-1.852776369067726,-1.033530110337802,NA,Full adjustment,2,7,14,10.5,0.23618184530663996,0.15680122335807498,0.3557489084448329,0.76381815469336,0.6442510915551671,0.843198776641925
moderna,covidadmitted,none,none,,mRNA-1273,COVID-19 hospitalisation, ,Main analysis,,3,treated_period_3,treated_period_3,treated_period_3,numeric,continuous,NA,NA,NA,NA,treated_period_3,-2.2056613136039256,0.2494735874657524,0.24942333363659847,-8.84304319666219,9.314619732475597e-19,-2.694522064435576,-1.7168005627722749,NA,Full adjustment,3,14,28,21,0.11017763923519232,0.06757467039590599,0.17963997628578351,0.8898223607648077,0.8203600237142165,0.932425329604094
moderna,covidadmitted,none,none,,mRNA-1273,COVID-19 hospitalisation, ,Main analysis,,3,treated_period_4,treated_period_4,treated_period_4,numeric,continuous,NA,NA,NA,NA,treated_period_4,-2.476869998977695,0.4665549868546405,0.4669091022977882,-5.304822687731586,1.1278256901223278e-7,-3.3919950235352876,-1.5617449744201024,NA,Full adjustment,4,28,42,35,0.08400575261450541,0.033641494333497474,0.20976970887118787,0.9159942473854946,0.7902302911288122,0.9663585056665025
moderna,covidadmitted,none,none,,mRNA-1273,COVID-19 hospitalisation, ,Main analysis,,3,treated_period_5,treated_period_5,treated_period_5,numeric,continuous,NA,NA,NA,NA,treated_period_5,-2.6754531282114367,1.0338184533842047,1.0444488498284388,-2.5615932543282582,0.010419326480895842,-4.72253525756946,-0.6283709988534136,NA,Full adjustment,5,42,70,56,0.06887561183984128,0.008892604901637064,0.5334601006999845,0.9311243881601587,0.4665398993000155,0.991107395098363
moderna,noncovidadmitted,none,none,,mRNA-1273,Non-COVID-19 hospitalisation, ,Main analysis,,0,treated_period_1,treated_period_1,treated_period_1,numeric,continuous,NA,NA,NA,NA,treated_period_1,-0.6449738716565889,0.036834103942551905,0.03678956842060684,-17.53143348361003,8.24640248160214e-69,-0.7170801007677504,-0.5728676425454274,NA,Unadjusted,1,0,7,3.5,0.5246762508487606,0.48817560049849373,0.5639060369334474,0.4753237491512394,0.43609396306655257,0.5118243995015063
moderna,noncovidadmitted,none,none,,mRNA-1273,Non-COVID-19 hospitalisation, ,Main analysis,,0,treated_period_2,treated_period_2,treated_period_2,numeric,continuous,NA,NA,NA,NA,treated_period_2,-0.6631814718818867,0.04487641367755685,0.04485680565747291,-14.784411465808514,1.8466438137092272e-49,-0.7510991954320461,-0.5752637483317273,NA,Unadjusted,2,7,14,10.5,0.5152095994555966,0.4718476148433235,0.5625564759066032,0.48479040054440337,0.4374435240933968,0.5281523851566765
moderna,noncovidadmitted,none,none,,mRNA-1273,Non-COVID-19 hospitalisation, ,Main analysis,,0,treated_period_3,treated_period_3,treated_period_3,numeric,continuous,NA,NA,NA,NA,treated_period_3,-0.6441072614051215,0.04379815436817713,0.0437998139986725,-14.705707686901214,5.924826398244851e-49,-0.7299533193720729,-0.5582612034381702,NA,Unadjusted,3,14,28,21,0.5251311377428015,0.4819314864295311,0.5722031442064156,0.4748688622571985,0.4277968557935844,0.5180685135704689
moderna,noncovidadmitted,none,none,,mRNA-1273,Non-COVID-19 hospitalisation, ,Main analysis,,0,treated_period_4,treated_period_4,treated_period_4,numeric,continuous,NA,NA,NA,NA,treated_period_4,-0.6019179193973673,0.08436387161138759,0.0843588686793783,-7.135206159355565,9.664220148835956e-13,-0.7672582637854927,-0.4365775750092419,NA,Unadjusted,4,28,42,35,0.5477600683450944,0.46428426986175647,0.6462443635291834,0.4522399316549056,0.35375563647081665,0.5357157301382436
moderna,noncovidadmitted,none,none,,mRNA-1273,Non-COVID-19 hospitalisation, ,Main analysis,,0,treated_period_5,treated_period_5,treated_period_5,numeric,continuous,NA,NA,NA,NA,treated_period_5,-0.5868875125477506,0.20421387201441443,0.20409703481689964,-2.8755317933661386,0.004033475223756929,-0.9869103501402913,-0.18686467495520998,NA,Unadjusted,5,42,70,56,0.5560553092850171,0.3727265082449704,0.8295559884912704,0.4439446907149829,0.17044401150872956,0.6272734917550296
moderna,noncovidadmitted,none,none,,mRNA-1273,Non-COVID-19 hospitalisation, ,Main analysis,,3,treated_period_1,treated_period_1,treated_period_1,numeric,continuous,NA,NA,NA,NA,treated_period_1,-0.6565595595194929,0.037038739800749454,0.03707111783921996,-17.710810943631046,3.460505783153443e-70,-0.7292176153510043,-0.5839015036879814,NA,Full adjustment,1,0,7,3.5,0.51863259314546994,0.4822861758191837,0.5577181767980823,0.48136740685453006,0.44228182320191767,0.5177138241808164
moderna,noncovidadmitted,none,none,,mRNA-1273,Non-COVID-19 hospitalisation, ,Main analysis,,3,treated_period_2,treated_period_2,treated_period_2,numeric,continuous,NA,NA,NA,NA,treated_period_2,-0.6828511372425081,0.04513305197581505,0.045187607954547224,-15.111469010029616,1.360720578065668e-51,-0.7714172213809363,-0.59428505310408,NA,Full adjustment,2,7,14,10.5,0.5051746149760036,0.46235734105626064,0.5519570448111475,0.4948253850239964,0.4480429551888525,0.5376426589437393
moderna,noncovidadmitted,none,none,,mRNA-1273,Non-COVID-19 hospitalisation, ,Main analysis,,3,treated_period_3,treated_period_3,treated_period_3,numeric,continuous,NA,NA,NA,NA,treated_period_3,-0.6697635398452462,0.044179332186146815,0.044318683356215985,-15.112442182949179,1.3407699047570097e-51,-0.7566265630656642,-0.5829005166248281,NA,Full adjustment,3,14,28,21,0.5118295907828468,0.4692467342424584,0.5582767249810577,0.48817040921715316,0.44172327501894226,0.5307532657575416
moderna,noncovidadmitted,none,none,,mRNA-1273,Non-COVID-19 hospitalisation, ,Main analysis,,3,treated_period_4,treated_period_4,treated_period_4,numeric,continuous,NA,NA,NA,NA,treated_period_4,-0.6266977564233973,0.08476130226352108,0.08481053115772633,-7.389386056996821,1.475083096530196e-13,-0.792923343002253,-0.46047216984454165,NA,Full adjustment,4,28,42,35,0.534353455966735,0.4525199886515307,0.6309856427656558,0.465646544033265,0.36901435723434417,0.5474800113484692
moderna,noncovidadmitted,none,none,,mRNA-1273,Non-COVID-19 hospitalisation, ,Main analysis,,3,treated_period_5,treated_period_5,treated_period_5,numeric,continuous,NA,NA,NA,NA,treated_period_5,-0.5734592906623319,0.20490853350337734,0.20405089235797708,-2.810373843679559,0.004948398437351632,-0.9733916906972262,-0.1735268906274376,NA,Full adjustment,5,42,70,56,0.5635725016660705,0.377799483629925,0.84069454405415,0.43642749833392946,0.15930545594585,0.622200516370075
moderna,coviddeath,none,none,,mRNA-1273,COVID-19 death, ,Main analysis,,0,treated_period_1,treated_period_1,treated_period_1,numeric,continuous,NA,NA,NA,NA,treated_period_1,-0.6932158489999889,1.2247448715827092,1.2247666872004497,-0.5659982886900113,0.5713949438511865,-3.093714445377304,1.707282747377326,NA,Unadjusted,1,0,7,3.5,0.4999656669587899,0.04533325338974288,5.513958285511116,0.50003433304121,-4.513958285511116,0.9546667466102571
moderna,coviddeath,none,none,,mRNA-1273,COVID-19 death, ,Main analysis,,0,treated_period_2,treated_period_2,treated_period_2,numeric,continuous,NA,NA,NA,NA,treated_period_2,-1.6743866338563513,0.6291528705422363,0.629150014259203,-2.6613472079911964,0.007782865506196322,-2.9074980026772503,-0.44127526503545234,NA,Unadjusted,2,7,14,10.5,0.18742310321924147,0.054612198650549115,0.643215627429738,0.8125768967807585,0.35678437257026197,0.9453878013494509
moderna,coviddeath,none,none,,mRNA-1273,COVID-19 death, ,Main analysis,,0,treated_period_3,treated_period_3,treated_period_3,numeric,continuous,NA,NA,NA,NA,treated_period_3,-18.20499134532704,2487.3511943586764,0.27735491028630266,-65.63789091217004,0,-18.74859698042353,-17.66138571023055,NA,Unadjusted,3,14,28,21,1.2407169507560106e-8,7.204233623810956e-9,2.1367693390806216e-8,0.9999999875928305,0.9999999786323066,0.9999999927957663
moderna,coviddeath,none,none,,mRNA-1273,COVID-19 death, ,Main analysis,,0,treated_period_4,treated_period_4,treated_period_4,numeric,continuous,NA,NA,NA,NA,treated_period_4,-18.209070580276084,2704.0548087322627,0.30152643480517133,-60.38963247796737,0,-18.800051532880985,-17.618089627671182,NA,Unadjusted,4,28,42,35,1.2356660836493631e-8,6.842918377833322e-9,2.231315041295011e-8,0.9999999876433392,0.9999999776868496,0.9999999931570817
moderna,coviddeath,none,none,,mRNA-1273,COVID-19 death, ,Main analysis,,0,treated_period_5,treated_period_5,treated_period_5,numeric,continuous,NA,NA,NA,NA,treated_period_5,-18.22248433782604,6269.888755922589,0.6897724034583222,-26.418111606761443,8.486909986308379e-154,-19.57441340613398,-16.870555269518096,NA,Unadjusted,5,42,70,56,1.219201829016051e-8,3.154570743558834e-9,4.712061388736331e-8,0.9999999878079817,0.9999999528793861,0.9999999968454293
moderna,coviddeath,none,none,,mRNA-1273,COVID-19 death, ,Main analysis,,3,treated_period_1,treated_period_1,treated_period_1,numeric,continuous,NA,NA,NA,NA,treated_period_1,-0.7352464963113934,1.228387260292282,1.2129023967694046,-0.6061876852331569,0.5443901293597311,-3.112491510741737,1.64199851811895,NA,Full adjustment,1,0,7,3.5,0.47938727721424623,0.04448996989907498,5.16548251383885,0.5206127227857538,-4.16548251383885,0.9555100301009251
moderna,coviddeath,none,none,,mRNA-1273,COVID-19 death, ,Main analysis,,3,treated_period_2,treated_period_2,treated_period_2,numeric,continuous,NA,NA,NA,NA,treated_period_2,-1.7204656428668228,0.633212953129795,0.6441120467093527,-2.671065774435299,0.007561082919705824,-2.9829020564255346,-0.45802922930811074,NA,Full adjustment,2,7,14,10.5,0.1789827864468707,0.05064564387513952,0.6325289875524933,0.8210172135531293,0.3674710124475067,0.9493543561248605
moderna,coviddeath,none,none,,mRNA-1273,COVID-19 death, ,Main analysis,,3,treated_period_3,treated_period_3,treated_period_3,numeric,continuous,NA,NA,NA,NA,treated_period_3,-19.296525465217194,4085.9193070581423,0.2867932454847331,-67.28375151444914,0,-19.858629897376623,-18.734421033057764,NA,Full adjustment,3,14,28,21,4.165100361509021e-9,2.374141597612246e-9,7.307087765485471e-9,0.9999999958348996,0.9999999926929123,0.99999999762585845
moderna,coviddeath,none,none,,mRNA-1273,COVID-19 death, ,Main analysis,,3,treated_period_4,treated_period_4,treated_period_4,numeric,continuous,NA,NA,NA,NA,treated_period_4,-19.02416895191617,4099.0145663609965,0.3152161527637497,-60.35277312128903,0,-19.641981258678396,-18.406356645153945,NA,Full adjustment,4,28,42,35,5.469006019543507e-9,2.948464653032461e-9,1.0144271802967355e-8,0.999999994530994,0.9999999898557282,0.9999999970515353
moderna,coviddeath,none,none,,mRNA-1273,COVID-19 death, ,Main analysis,,3,treated_period_5,treated_period_5,treated_period_5,numeric,continuous,NA,NA,NA,NA,treated_period_5,-19.46730583586823,11166.534311008583,0.6985790319820256,-27.86700565666151,6.702834017043845e-171,-20.836495578907854,-18.098116092828608,NA,Full adjustment,5,42,70,56,3.511207519896964e-9,8.929454895005484e-10,1.3806641494630022e-8,0.9999999964887925,0.9999999861933585,0.9999999991070545
moderna,noncoviddeath,none,none,,mRNA-1273,Non-COVID-19 death, ,Main analysis,,0,treated_period_1,treated_period_1,treated_period_1,numeric,continuous,NA,NA,NA,NA,treated_period_1,-1.8094863938723145,0.2038681901175598,0.20386813777302162,-8.875768492509222,6.945217440114595e-19,-2.2090606015026863,-1.4099121862419424,NA,Unadjusted,1,0,7,3.5,0.16373821215914797,0.1098037495587818,0.24416472323398855,0.836261787840852,0.7558352767660115,0.8901962504412182
moderna,noncoviddeath,none,none,,mRNA-1273,Non-COVID-19 death, ,Main analysis,,0,treated_period_2,treated_period_2,treated_period_2,numeric,continuous,NA,NA,NA,NA,treated_period_2,-1.9604721454984866,0.23883520185732002,0.23883588063672007,-8.208448999672923,2.240639437129368e-16,-2.428581869762365,-1.492362421234608,NA,Unadjusted,2,7,14,10.5,0.14079193094938877,0.08816176884369,0.2248408588035743,0.8592080690506112,0.7751591411964257,0.91183823115631
moderna,noncoviddeath,none,none,,mRNA-1273,Non-COVID-19 death, ,Main analysis,,0,treated_period_3,treated_period_3,treated_period_3,numeric,continuous,NA,NA,NA,NA,treated_period_3,-1.9005808585764674,0.19258500897892342,0.1925825252379874,-9.868916487764347,5.677455060160253e-23,-2.2780356720946986,-1.5231260450582362,NA,Unadjusted,3,14,28,21,0.14948176623448273,0.1024853239024427,0.21802925126968312,0.8505182337655173,0.7819707487303169,0.8975146760975573
moderna,noncoviddeath,none,none,,mRNA-1273,Non-COVID-19 death, ,Main analysis,,0,treated_period_4,treated_period_4,treated_period_4,numeric,continuous,NA,NA,NA,NA,treated_period_4,-1.8361539216609228,0.29877885530520504,0.2987637308462862,-6.145839444633335,7.954171142652329e-10,-2.421720074006462,-1.2505877693153837,NA,Unadjusted,4,28,42,35,0.15942942651568778,0.08876879716536813,0.2863364476119933,0.8405705734843122,0.7136635523880067,0.9112312028346319
moderna,noncoviddeath,none,none,,mRNA-1273,Non-COVID-19 death, ,Main analysis,,0,treated_period_5,treated_period_5,treated_period_5,numeric,continuous,NA,NA,NA,NA,treated_period_5,-3.3128249476273965,1.0183508207096785,1.018376042860612,-3.2530468198384677,0.0011417468310671738,-5.308805314352614,-1.3168445809021792,NA,Unadjusted,5,42,70,56,0.03641316304376848,0.004947834294745989,0.26797955708824656,0.9635868369562315,0.7320204429117534,0.995052165705254
moderna,noncoviddeath,none,none,,mRNA-1273,Non-COVID-19 death, ,Main analysis,,3,treated_period_1,treated_period_1,treated_period_1,numeric,continuous,NA,NA,NA,NA,treated_period_1,-1.8494879512747258,0.2043044935035491,0.20456710918001267,-9.040983952348048,1.5526782736874573e-19,-2.2504321176890234,-1.448543784860428,NA,Full adjustment,1,0,7,3.5,0.15731770002103573,0.1053536895314764,0.23491212172986503,0.8426822999789643,0.7650878782701349,0.8946463104685236
moderna,noncoviddeath,none,none,,mRNA-1273,Non-COVID-19 death, ,Main analysis,,3,treated_period_2,treated_period_2,treated_period_2,numeric,continuous,NA,NA,NA,NA,treated_period_2,-2.022671868643419,0.23940465571305591,0.24021222232360523,-8.420353673421948,3.753494589743452e-17,-2.4934791730440136,-1.5518645642428244,NA,Full adjustment,2,7,14,10.5,0.13230150018702147,0.082622009670802,0.21185259256556327,0.8676984998129785,0.7881474074344368,0.917377990329198
moderna,noncoviddeath,none,none,,mRNA-1273,Non-COVID-19 death, ,Main analysis,,3,treated_period_3,treated_period_3,treated_period_3,numeric,continuous,NA,NA,NA,NA,treated_period_3,-1.9970674425730306,0.19359568279835496,0.1939425485342006,-10.297211507565912,7.253339765470747e-25,-2.3771878527699752,-1.616947032376086,NA,Full adjustment,3,14,28,21,0.1357327442303503,0.09281120965675017,0.19850380061242706,0.8642672557696497,0.8014961993875729,0.9071887903432498
moderna,noncoviddeath,none,none,,mRNA-1273,Non-COVID-19 death, ,Main analysis,,3,treated_period_4,treated_period_4,treated_period_4,numeric,continuous,NA,NA,NA,NA,treated_period_4,-1.9835196500828827,0.30018959002441736,0.29853609971508377,-6.644153427260254,3.04964777474896e-11,-2.568639653609505,-1.3983996465562605,NA,Full adjustment,4,28,42,35,0.13758413610238582,0.07663973112512812,0.24699192219417096,0.8624158638976142,0.753008077805829,0.9233602688748719
moderna,noncoviddeath,none,none,,mRNA-1273,Non-COVID-19 death, ,Main analysis,,3,treated_period_5,treated_period_5,treated_period_5,numeric,continuous,NA,NA,NA,NA,treated_period_5,-3.447264787673048,1.0200558549766354,1.0285663168602492,-3.351524088593527,8.03680467351834e-4,-5.46321772443015,-1.4313118509159461,NA,Full adjustment,5,42,70,56,0.031832586293047,0.00423989097110826,0.23899519044458217,0.968167413706953,0.7610048095554178,0.9957601090288918
