treatment,outcome,subgroup,subgroup_variable,subgroup_level,treatment_descr,outcome_descr,subgroup_descr,subgroup_variable_descr,model,term,variable,var_label,var_class,var_type,var_nlevels,contrasts,contrasts_type,reference_row,label,estimate,std.error,robust.se,statistic,p.value,conf.low,conf.high,n,model_descr,period_id,term_left,term_right,term_midpoint,hr,hr.ll,hr.ul
pfizer,postest,none,none,,BNT162b2,Positive SARS-CoV-2 test, ,Main analysis,0,treated_period_1,treated_period_1,treated_period_1,numeric,continuous,NA,NA,NA,NA,treated_period_1,-0.2125410931522985,0.014224267034015626,0.014221793861335248,-14.94474573493386,1.6853321205617626e-50,-0.2404152969160684,-0.1846668893885286,NA,Unadjusted,1,0,7,3.5,0.8085270907119085,0.7863012447678241,0.8313811796242156
pfizer,postest,none,none,,BNT162b2,Positive SARS-CoV-2 test, ,Main analysis,0,treated_period_2,treated_period_2,treated_period_2,numeric,continuous,NA,NA,NA,NA,treated_period_2,-0.6929748486238657,0.017071955045211074,0.017108570308149742,-40.50454457283109,0,-0.7265070302548106,-0.6594426669929209,NA,Unadjusted,2,7,14,10.5,0.5000861733930404,0.48359522688511813,0.5171394730872808
pfizer,postest,none,none,,BNT162b2,Positive SARS-CoV-2 test, ,Main analysis,0,treated_period_3,treated_period_3,treated_period_3,numeric,continuous,NA,NA,NA,NA,treated_period_3,-1.5383283182582435,0.022231157266446006,0.022231978417395288,-69.19439599017365,0,-1.58190219526141,-1.4947544412550768,NA,Unadjusted,3,14,28,21,0.21473977811311737,0.20558366575761103,0.22430367769801138
pfizer,postest,none,none,,BNT162b2,Positive SARS-CoV-2 test, ,Main analysis,0,treated_period_4,treated_period_4,treated_period_4,numeric,continuous,NA,NA,NA,NA,treated_period_4,-1.384750221214087,0.0318405257890397,0.03183925800255217,-43.491912440393186,0,-1.447154020193568,-1.322346422234606,NA,Unadjusted,4,28,42,35,0.25038633317592446,0.2352388212616117,0.2665092245618895
pfizer,postest,none,none,,BNT162b2,Positive SARS-CoV-2 test, ,Main analysis,0,treated_period_5,treated_period_5,treated_period_5,numeric,continuous,NA,NA,NA,NA,treated_period_5,-1.2184036847193551,0.044037426354214884,0.04404116427890664,-27.665110690611446,1.8364880771902384e-168,-1.304722780543224,-1.1320845888954862,NA,Unadjusted,5,42,56,49,0.2957018237070902,0.2712477197693104,0.32236056626785387
pfizer,postest,none,none,,BNT162b2,Positive SARS-CoV-2 test, ,Main analysis,0,treated_period_6,treated_period_6,treated_period_6,numeric,continuous,NA,NA,NA,NA,treated_period_6,-0.9046821759442301,0.06311452915361737,0.06311287702933636,-14.33435169693995,1.3348725270773492e-46,-1.0283811418824347,-0.7809832100060256,NA,Unadjusted,6,56,70,63,0.4046704786796546,0.3575853722421878,0.4579555234264716
pfizer,postest,none,none,,BNT162b2,Positive SARS-CoV-2 test, ,Main analysis,1,treated_period_1,treated_period_1,treated_period_1,numeric,continuous,NA,NA,NA,NA,treated_period_1,-0.22742511178280106,0.014228151799976402,0.01422192994075378,-15.99115680714338,1.4727067071092134e-57,-0.25529958225733035,-0.1995506413082718,NA,region- and trial-stratified,1,0,7,3.5,0.7965820738751991,0.7746843814981023,0.819098739530826
pfizer,postest,none,none,,BNT162b2,Positive SARS-CoV-2 test, ,Main analysis,1,treated_period_2,treated_period_2,treated_period_2,numeric,continuous,NA,NA,NA,NA,treated_period_2,-0.7209090496142999,0.017094282244038868,0.017147052358284752,-42.042739157204835,0,-0.7545166546775606,-0.6873014445510393,NA,region- and trial-stratified,2,7,14,10.5,0.4863099750675263,0.47023784707408617,0.5029314278331957
pfizer,postest,none,none,,BNT162b2,Positive SARS-CoV-2 test, ,Main analysis,1,treated_period_3,treated_period_3,treated_period_3,numeric,continuous,NA,NA,NA,NA,treated_period_3,-1.5949620724617275,0.022319681403781124,0.022346202533921885,-71.3750835311078,0,-1.6387598246194521,-1.5511643203040029,NA,region- and trial-stratified,3,14,28,21,0.20291622446946828,0.19422076079938985,0.21200099301162345
pfizer,postest,none,none,,BNT162b2,Positive SARS-CoV-2 test, ,Main analysis,1,treated_period_4,treated_period_4,treated_period_4,numeric,continuous,NA,NA,NA,NA,treated_period_4,-1.4603986891854732,0.03210076850995305,0.032250834756689065,-45.28250819562354,0,-1.5236091637799363,-1.3971882145910102,NA,region- and trial-stratified,4,28,42,35,0.23214370309343083,0.21792394269683632,0.2472913174157312
pfizer,postest,none,none,,BNT162b2,Positive SARS-CoV-2 test, ,Main analysis,1,treated_period_5,treated_period_5,treated_period_5,numeric,continuous,NA,NA,NA,NA,treated_period_5,-1.2671910931646095,0.044287542294089585,0.04440058479163234,-28.53996403676697,3.742064162660592e-179,-1.3542146402487258,-1.1801675460804932,NA,region- and trial-stratified,5,42,56,49,0.2816215605532171,0.2581499554453153,0.3072272595655355
pfizer,postest,none,none,,BNT162b2,Positive SARS-CoV-2 test, ,Main analysis,1,treated_period_6,treated_period_6,treated_period_6,numeric,continuous,NA,NA,NA,NA,treated_period_6,-0.9324014654252808,0.06323429912555491,0.06313176523498337,-14.769133445814164,2.3167244726700533e-49,-1.056137451566286,-0.8086654792842756,NA,region- and trial-stratified,6,56,70,63,0.3936073400703191,0.34779660044400795,0.44545213483814255
pfizer,postest,none,none,,BNT162b2,Positive SARS-CoV-2 test, ,Main analysis,2,treated_period_1,treated_period_1,treated_period_1,numeric,continuous,NA,NA,NA,NA,treated_period_1,-0.2072484798092304,0.014285383778983269,0.014290734065862511,-14.50229770241841,1.1716137768157064e-47,-0.23525780389096057,-0.1792391557275002,NA,Demographic adjustment,1,0,7,3.5,0.81281765611678,0.7903670636571581,0.8359059637912236
pfizer,postest,none,none,,BNT162b2,Positive SARS-CoV-2 test, ,Main analysis,2,treated_period_2,treated_period_2,treated_period_2,numeric,continuous,NA,NA,NA,NA,treated_period_2,-0.6895708382295921,0.017160586063748904,0.01721228390320833,-40.06271579688839,0,-0.7233062947715589,-0.6558353816876252,NA,Demographic adjustment,2,7,14,10.5,0.5017913725365549,0.48514556707820905,0.5190083113993051
pfizer,postest,none,none,,BNT162b2,Positive SARS-CoV-2 test, ,Main analysis,2,treated_period_3,treated_period_3,treated_period_3,numeric,continuous,NA,NA,NA,NA,treated_period_3,-1.538740722265697,0.02240130339868434,0.02242618581847152,-68.61357230877397,0,-1.582695238780504,-1.49478620575089,NA,Demographic adjustment,3,14,28,21,0.21465123682670942,0.20542069359440066,0.22429655291793837
pfizer,postest,none,none,,BNT162b2,Positive SARS-CoV-2 test, ,Main analysis,2,treated_period_4,treated_period_4,treated_period_4,numeric,continuous,NA,NA,NA,NA,treated_period_4,-1.3642371265546553,0.032143381526123484,0.032188817687157194,-42.38233102606199,0,-1.4273260499264093,-1.3011482031829014,NA,Demographic adjustment,4,28,42,35,0.2555755734558424,0.23994967864753117,0.27221905074201586
pfizer,postest,none,none,,BNT162b2,Positive SARS-CoV-2 test, ,Main analysis,2,treated_period_5,treated_period_5,treated_period_5,numeric,continuous,NA,NA,NA,NA,treated_period_5,-1.1589642876904294,0.04427510455112297,0.044250229953771675,-26.191147230222356,3.3521003133871805e-151,-1.2456931447074373,-1.0722354306734214,NA,Demographic adjustment,5,42,56,49,0.31381103057539966,0.28774139256881076,0.34224260205192564
pfizer,postest,none,none,,BNT162b2,Positive SARS-CoV-2 test, ,Main analysis,2,treated_period_6,treated_period_6,treated_period_6,numeric,continuous,NA,NA,NA,NA,treated_period_6,-0.8367000496606442,0.06325372291720445,0.06299853263192141,-13.281262510496752,2.9733825724501884e-40,-0.9601749046980814,-0.7132251946232069,NA,Demographic adjustment,6,56,70,63,0.43313749989817274,0.3828259220668148,0.4900611035041046
pfizer,postest,none,none,,BNT162b2,Positive SARS-CoV-2 test, ,Main analysis,3,treated_period_1,treated_period_1,treated_period_1,numeric,continuous,NA,NA,NA,NA,treated_period_1,-0.23139003442280026,0.014298583119963805,0.0142961524823003,-16.185476106895077,6.385405215446686e-59,-0.25940997840560176,-0.2033700904399988,NA,Full adjustment,1,0,7,3.5,0.793429940687448,0.7715066571273376,0.8159762005467477
pfizer,postest,none,none,,BNT162b2,Positive SARS-CoV-2 test, ,Main analysis,3,treated_period_2,treated_period_2,treated_period_2,numeric,continuous,NA,NA,NA,NA,treated_period_2,-0.7192064781964927,0.017177513437810956,0.01723115031730736,-41.738738560832196,0,-0.7529789122306111,-0.6854340441623744,NA,Full adjustment,2,7,14,10.5,0.48713865777683985,0.4709615080311791,0.503871479630371
pfizer,postest,none,none,,BNT162b2,Positive SARS-CoV-2 test, ,Main analysis,3,treated_period_3,treated_period_3,treated_period_3,numeric,continuous,NA,NA,NA,NA,treated_period_3,-1.5773417477540577,0.022427173490013046,0.022453696101452474,-70.24864595241509,0,-1.621350183432712,-1.5333333120754034,NA,Full adjustment,3,14,28,21,0.20652336035899713,0.19763167984179955,0.21581508798647175
pfizer,postest,none,none,,BNT162b2,Positive SARS-CoV-2 test, ,Main analysis,3,treated_period_4,treated_period_4,treated_period_4,numeric,continuous,NA,NA,NA,NA,treated_period_4,-1.4040571411408114,0.032172865278527925,0.03222640662341806,-43.568529297973946,0,-1.4672197374738538,-1.340894544807769,NA,Full adjustment,4,28,42,35,0.2455985120536912,0.2305656278669961,0.2616115406316437
pfizer,postest,none,none,,BNT162b2,Positive SARS-CoV-2 test, ,Main analysis,3,treated_period_5,treated_period_5,treated_period_5,numeric,continuous,NA,NA,NA,NA,treated_period_5,-1.1942498715833898,0.0442941955056159,0.04426301449611528,-26.9807622724883,2.48572410518118e-160,-1.28100378584295,-1.1074959573238297,NA,Full adjustment,5,42,56,49,0.3029311062059377,0.2777583505735794,0.3303852248461693
pfizer,postest,none,none,,BNT162b2,Positive SARS-CoV-2 test, ,Main analysis,3,treated_period_6,treated_period_6,treated_period_6,numeric,continuous,NA,NA,NA,NA,treated_period_6,-0.8723601404826663,0.06326723763300819,0.06298895189499795,-13.849415083725845,1.2825217296152178e-43,-0.9958162176207882,-0.7489040633445444,NA,Full adjustment,6,56,70,63,0.41796393065373755,0.36942179287725346,0.47288452033897
pfizer,covidemergency,none,none,,BNT162b2,COVID-19 A&E attendance, ,Main analysis,0,treated_period_1,treated_period_1,treated_period_1,numeric,continuous,NA,NA,NA,NA,treated_period_1,-0.9765023473492185,0.1865613372608223,0.18664821874665896,-5.23177962214921,1.678858328019123e-7,-1.3423261338712238,-0.6106785608272133,NA,Unadjusted,1,0,7,3.5,0.37662610508808775,0.26123728836284693,0.5429822975225643
pfizer,covidemergency,none,none,,BNT162b2,COVID-19 A&E attendance, ,Main analysis,0,treated_period_2,treated_period_2,treated_period_2,numeric,continuous,NA,NA,NA,NA,treated_period_2,-1.1258014042838862,0.15438748426612134,0.1547217051119664,-7.276299104053857,3.431024257584107e-13,-1.4290503739299671,-0.8225524346378054,NA,Unadjusted,2,7,14,10.5,0.3243923937062233,0.23953628417243,0.4393089149646462
pfizer,covidemergency,none,none,,BNT162b2,COVID-19 A&E attendance, ,Main analysis,0,treated_period_3,treated_period_3,treated_period_3,numeric,continuous,NA,NA,NA,NA,treated_period_3,-1.822128193074837,0.16325800553544004,0.1633546243257542,-11.154432882421704,6.812581480444408e-29,-2.142297373461386,-1.5019590126882882,NA,Unadjusted,3,14,28,21,0.16168129551662394,0.1173848561568941,0.22269347321084226
pfizer,covidemergency,none,none,,BNT162b2,COVID-19 A&E attendance, ,Main analysis,0,treated_period_4,treated_period_4,treated_period_4,numeric,continuous,NA,NA,NA,NA,treated_period_4,-2.231237286325543,0.2675656875519964,0.26756047634495833,-8.339188645519043,7.480199752952448e-17,-2.755646183648042,-1.7068283890030438,NA,Unadjusted,4,28,42,35,0.10739546895207033,0.06356792983761211,0.1814403391914573
pfizer,covidemergency,none,none,,BNT162b2,COVID-19 A&E attendance, ,Main analysis,0,treated_period_5,treated_period_5,treated_period_5,numeric,continuous,NA,NA,NA,NA,treated_period_5,-2.3586976154223516,0.4330156116178062,0.43349770011108657,-5.44108449668342,5.295718675769851e-8,-3.208337495021026,-1.509057735823677,NA,Unadjusted,5,42,56,49,0.0945432747516419,0.040423762144731826,0.221118231617374
pfizer,covidemergency,none,none,,BNT162b2,COVID-19 A&E attendance, ,Main analysis,0,treated_period_6,treated_period_6,treated_period_6,numeric,continuous,NA,NA,NA,NA,treated_period_6,-1.546565952859597,0.460566687105943,0.4604385927040611,-3.3588973152248887,7.825413938940334e-4,-2.4490090116518637,-0.6441228940673305,NA,Unadjusted,6,56,70,63,0.21297809629429681,0.08637914482476011,0.5251229286092752
pfizer,covidemergency,none,none,,BNT162b2,COVID-19 A&E attendance, ,Main analysis,1,treated_period_1,treated_period_1,treated_period_1,numeric,continuous,NA,NA,NA,NA,treated_period_1,-0.9665421245828246,0.1865950852136159,0.18634463998775233,-5.186852300373928,2.1387822168104865e-7,-1.3317709076709014,-0.6013133414947478,NA,region- and trial-stratified,1,0,7,3.5,0.38039612896585695,0.264009310959728,0.5480913321056378
pfizer,covidemergency,none,none,,BNT162b2,COVID-19 A&E attendance, ,Main analysis,1,treated_period_2,treated_period_2,treated_period_2,numeric,continuous,NA,NA,NA,NA,treated_period_2,-1.100944643564016,0.15450511273578116,0.1551777249070627,-7.094733759135736,1.2960074096757257e-12,-1.405087395584723,-0.796801891543309,NA,region- and trial-stratified,2,7,14,10.5,0.3325567876434616,0.24534561339258393,0.4507682671740865
pfizer,covidemergency,none,none,,BNT162b2,COVID-19 A&E attendance, ,Main analysis,1,treated_period_3,treated_period_3,treated_period_3,numeric,continuous,NA,NA,NA,NA,treated_period_3,-1.8094161425828967,0.16372253190078442,0.1649100480691961,-10.972140047061702,5.202621528555913e-28,-2.13263389748729,-1.4861983876785034,NA,region- and trial-stratified,3,14,28,21,0.16374971538373254,0.11852470045293599,0.22623106564104545
pfizer,covidemergency,none,none,,BNT162b2,COVID-19 A&E attendance, ,Main analysis,1,treated_period_4,treated_period_4,treated_period_4,numeric,continuous,NA,NA,NA,NA,treated_period_4,-2.255933165505991,0.2684372855454868,0.2705232716191741,-8.339146395810833,7.48287258855701e-17,-2.786149034859519,-1.7257172961524632,NA,region- and trial-stratified,4,28,42,35,0.10477572501040994,0.061658200890087736,0.178045294753676
pfizer,covidemergency,none,none,,BNT162b2,COVID-19 A&E attendance, ,Main analysis,1,treated_period_5,treated_period_5,treated_period_5,numeric,continuous,NA,NA,NA,NA,treated_period_5,-2.371008700227648,0.4341667646785947,0.43654094414030353,-5.431354680594657,5.592784962539183e-8,-3.2266132285197546,-1.5154041719355418,NA,region- and trial-stratified,5,42,56,49,0.0933864797893995,0.039691698120085085,0.21971936249920326
pfizer,covidemergency,none,none,,BNT162b2,COVID-19 A&E attendance, ,Main analysis,1,treated_period_6,treated_period_6,treated_period_6,numeric,continuous,NA,NA,NA,NA,treated_period_6,-1.5473616491407156,0.46098869447451535,0.46385396959381603,-3.3358810112063866,8.502954884801796e-4,-2.4564987236305322,-0.6382245746508991,NA,region- and trial-stratified,6,56,70,63,0.2128086978189218,0.08573460662478441,0.5282294239196208
pfizer,covidemergency,none,none,,BNT162b2,COVID-19 A&E attendance, ,Main analysis,2,treated_period_1,treated_period_1,treated_period_1,numeric,continuous,NA,NA,NA,NA,treated_period_1,-0.9513531290672278,0.1867348711860409,0.18646497453843291,-5.102047349225585,3.35998656451475e-7,-1.3168177635407345,-0.5858884945937212,NA,Demographic adjustment,1,0,7,3.5,0.38621806682787435,0.26798674368925113,0.5566110960967033
pfizer,covidemergency,none,none,,BNT162b2,COVID-19 A&E attendance, ,Main analysis,2,treated_period_2,treated_period_2,treated_period_2,numeric,continuous,NA,NA,NA,NA,treated_period_2,-1.083139015767517,0.15477011384474043,0.15595231995598002,-6.94532159619844,3.775991368580708e-12,-1.3887999461867049,-0.777478085348329,NA,Demographic adjustment,2,7,14,10.5,0.3385312012747874,0.2493743878228579,0.45956353111113674
pfizer,covidemergency,none,none,,BNT162b2,COVID-19 A&E attendance, ,Main analysis,2,treated_period_3,treated_period_3,treated_period_3,numeric,continuous,NA,NA,NA,NA,treated_period_3,-1.7895399231002134,0.1642945982713958,0.16633721828661283,-10.758505772392368,5.4039259478214626e-27,-2.115554880230552,-1.463524965969875,NA,Demographic adjustment,3,14,28,21,0.16703700185729164,0.120566371093221,0.23141909088314291
pfizer,covidemergency,none,none,,BNT162b2,COVID-19 A&E attendance, ,Main analysis,2,treated_period_4,treated_period_4,treated_period_4,numeric,continuous,NA,NA,NA,NA,treated_period_4,-2.2455714725533404,0.2691962724074252,0.2726393515967175,-8.236417301472105,1.7744423906094284e-16,-2.7799347824512592,-1.7112081626554214,NA,Demographic adjustment,4,28,42,35,0.10586702298523923,0.06204255350867494,0.18064740926870568
pfizer,covidemergency,none,none,,BNT162b2,COVID-19 A&E attendance, ,Main analysis,2,treated_period_5,treated_period_5,treated_period_5,numeric,continuous,NA,NA,NA,NA,treated_period_5,-2.3575862828709377,0.434799950860609,0.43716665190489246,-5.392877687714939,6.933815301784846e-8,-3.2144171758464855,-1.50075538989539,NA,Demographic adjustment,5,42,56,49,0.09464840217533477,0.04017874414345611,0.22296167352465524
pfizer,covidemergency,none,none,,BNT162b2,COVID-19 A&E attendance, ,Main analysis,2,treated_period_6,treated_period_6,treated_period_6,numeric,continuous,NA,NA,NA,NA,treated_period_6,-1.5357073548147782,0.4616251530900693,0.4702381498626627,-3.2658076663139632,0.001091523591457583,-2.4573571927023456,-0.6140575169272109,NA,Demographic adjustment,6,56,70,63,0.2153033414382322,0.08566103769945463,0.5411506803957747
pfizer,covidemergency,none,none,,BNT162b2,COVID-19 A&E attendance, ,Main analysis,3,treated_period_1,treated_period_1,treated_period_1,numeric,continuous,NA,NA,NA,NA,treated_period_1,-0.9383282019355939,0.1868324143915278,0.1862930491129367,-5.036839572939459,4.732811230760819e-7,-1.3034558687671012,-0.5732005351040865,NA,Full adjustment,1,0,7,3.5,0.39128143240648783,0.27159158447686255,0.5637183480518186
pfizer,covidemergency,none,none,,BNT162b2,COVID-19 A&E attendance, ,Main analysis,3,treated_period_2,treated_period_2,treated_period_2,numeric,continuous,NA,NA,NA,NA,treated_period_2,-1.0647685398693427,0.1549076242207423,0.156295945516006,-6.812515426129858,9.59067681417189e-12,-1.371102964010349,-0.7584341157283365,NA,Full adjustment,2,7,14,10.5,0.3448076547564275,0.25382684322914373,0.4683993121692686
pfizer,covidemergency,none,none,,BNT162b2,COVID-19 A&E attendance, ,Main analysis,3,treated_period_3,treated_period_3,treated_period_3,numeric,continuous,NA,NA,NA,NA,treated_period_3,-1.7573423544555813,0.16442860102862686,0.16649814204333954,-10.554726514594645,4.830441969445242e-26,-2.083672716353361,-1.4310119925578018,NA,Full adjustment,3,14,28,21,0.1725027062107394,0.12447222051679632,0.23906686589569776
pfizer,covidemergency,none,none,,BNT162b2,COVID-19 A&E attendance, ,Main analysis,3,treated_period_4,treated_period_4,treated_period_4,numeric,continuous,NA,NA,NA,NA,treated_period_4,-2.190521633741486,0.26923897536241315,0.2723001347344003,-8.044511751263384,8.6589951809696745e-16,-2.7242200908063143,-1.6568231766766572,NA,Full adjustment,4,28,42,35,0.11185838428873765,0.06559734274383125,0.19074397852592226
pfizer,covidemergency,none,none,,BNT162b2,COVID-19 A&E attendance, ,Main analysis,3,treated_period_5,treated_period_5,treated_period_5,numeric,continuous,NA,NA,NA,NA,treated_period_5,-2.29610835536646,0.43479529736639483,0.43853217752243384,-5.235894816974973,1.6418744133489914e-7,-3.1556156293723556,-1.4366010813605645,NA,Full adjustment,5,42,56,49,0.10064977570473199,0.042612159618920654,0.23773442698066788
pfizer,covidemergency,none,none,,BNT162b2,COVID-19 A&E attendance, ,Main analysis,3,treated_period_6,treated_period_6,treated_period_6,numeric,continuous,NA,NA,NA,NA,treated_period_6,-1.4686629787312313,0.46164472066941087,0.46963302976724597,-3.1272565719219383,0.0017644587044224214,-2.3891268030254604,-0.5481991544370023,NA,Full adjustment,6,56,70,63,0.23023310605264477,0.09170972958299257,0.577989743985446
pfizer,covidadmitted,none,none,,BNT162b2,COVID-19 hospitalisation, ,Main analysis,0,treated_period_1,treated_period_1,treated_period_1,numeric,continuous,NA,NA,NA,NA,treated_period_1,-1.221618547798127,0.1172713363286736,0.11720615280005163,-10.42281926855967,1.9508308026596365e-25,-1.4513383860527265,-0.9918987095435274,NA,Unadjusted,1,0,7,3.5,0.2947527092856362,0.23425655248834046,0.3708718441741217
pfizer,covidadmitted,none,none,,BNT162b2,COVID-19 hospitalisation, ,Main analysis,0,treated_period_2,treated_period_2,treated_period_2,numeric,continuous,NA,NA,NA,NA,treated_period_2,-1.227977134063538,0.09552233382601974,0.09559807221036726,-12.845208126805389,9.150550152608432e-38,-1.4153459125873171,-1.0406083555397587,NA,Unadjusted,2,7,14,10.5,0.2928844448118338,0.24284159695328822,0.35323972123785924
pfizer,covidadmitted,none,none,,BNT162b2,COVID-19 hospitalisation, ,Main analysis,0,treated_period_3,treated_period_3,treated_period_3,numeric,continuous,NA,NA,NA,NA,treated_period_3,-2.0465068773800437,0.1082424970017609,0.10833555442323745,-18.890445415407207,1.366875935524872e-79,-2.258840662294768,-1.8341730924653195,NA,Unadjusted,3,14,28,21,0.1291853767123828,0.10447153236026906,0.15974554196035792
pfizer,covidadmitted,none,none,,BNT162b2,COVID-19 hospitalisation, ,Main analysis,0,treated_period_4,treated_period_4,treated_period_4,numeric,continuous,NA,NA,NA,NA,treated_period_4,-2.4751699409108707,0.18101846267254032,0.18101752247936526,-13.673648313206932,1.4589312751938585e-42,-2.829957765541096,-2.1203821162806453,NA,Unadjusted,4,28,42,35,0.08414868873732552,0.05901534609802376,0.11998577123397428
pfizer,covidadmitted,none,none,,BNT162b2,COVID-19 hospitalisation, ,Main analysis,0,treated_period_5,treated_period_5,treated_period_5,numeric,continuous,NA,NA,NA,NA,treated_period_5,-1.9678138764506947,0.21773392410894032,0.21779895854317557,-9.035001313197755,1.640004612747205e-19,-2.3946919910656512,-1.5409357618357384,NA,Unadjusted,5,42,56,49,0.13976205961715638,0.09120076524747198,0.21418058560611714
pfizer,covidadmitted,none,none,,BNT162b2,COVID-19 hospitalisation, ,Main analysis,0,treated_period_6,treated_period_6,treated_period_6,numeric,continuous,NA,NA,NA,NA,treated_period_6,-1.735747901066335,0.3196896270603039,0.31957647028483294,-5.431400814707332,5.59133902974787e-8,-2.362106273131042,-1.1093895290016278,NA,Unadjusted,6,56,70,63,0.1762683197114028,0.09422155771248869,0.32976020868484374
pfizer,covidadmitted,none,none,,BNT162b2,COVID-19 hospitalisation, ,Main analysis,1,treated_period_1,treated_period_1,treated_period_1,numeric,continuous,NA,NA,NA,NA,treated_period_1,-1.2017695663531092,0.11728028293613094,0.11729418292656466,-10.24577294771311,1.2363269859547078e-24,-1.4316619404852287,-0.9718771922209896,NA,region- and trial-stratified,1,0,7,3.5,0.30066170006553167,0.23891153536553852,0.3783720938714247
pfizer,covidadmitted,none,none,,BNT162b2,COVID-19 hospitalisation, ,Main analysis,1,treated_period_2,treated_period_2,treated_period_2,numeric,continuous,NA,NA,NA,NA,treated_period_2,-1.1854767519765652,0.0955688997667165,0.09552762561338848,-12.409779311110785,2.3128940986944924e-35,-1.3727074577074325,-0.9982460462456979,NA,region- and trial-stratified,2,7,14,10.5,0.3056004491446859,0.25341990621027444,0.36852525089304683
pfizer,covidadmitted,none,none,,BNT162b2,COVID-19 hospitalisation, ,Main analysis,1,treated_period_3,treated_period_3,treated_period_3,numeric,continuous,NA,NA,NA,NA,treated_period_3,-1.9916482061214056,0.10847773729342611,0.10880049179451763,-18.305507385783372,7.479201363563988e-75,-2.204893251538906,-1.7784031607039055,NA,region- and trial-stratified,3,14,28,21,0.1364703087788328,0.11026229500658391,0.16890765040830946
pfizer,covidadmitted,none,none,,BNT162b2,COVID-19 hospitalisation, ,Main analysis,1,treated_period_4,treated_period_4,treated_period_4,numeric,continuous,NA,NA,NA,NA,treated_period_4,-2.430092709797912,0.1816029103788609,0.18096331191319995,-13.428648515028945,4.108409785120462e-41,-2.784774283670872,-2.075411135924952,NA,region- and trial-stratified,4,28,42,35,0.08802867108374632,0.06174302386693612,0.12550481734536603
pfizer,covidadmitted,none,none,,BNT162b2,COVID-19 hospitalisation, ,Main analysis,1,treated_period_5,treated_period_5,treated_period_5,numeric,continuous,NA,NA,NA,NA,treated_period_5,-1.94341512390796,0.2183923081827834,0.21816623841532268,-8.907955410627212,5.198229519818599e-19,-2.3710130938445713,-1.5158171539713488,NA,region- and trial-stratified,5,42,56,49,0.1432140200446947,0.09338606948588286,0.21962864108401892
pfizer,covidadmitted,none,none,,BNT162b2,COVID-19 hospitalisation, ,Main analysis,1,treated_period_6,treated_period_6,treated_period_6,numeric,continuous,NA,NA,NA,NA,treated_period_6,-1.734939630646144,0.3198999340883341,0.32143795880402704,-5.397432329091832,6.760135792531364e-8,-2.364946453166106,-1.1049328081261816,NA,region- and trial-stratified,6,56,70,63,0.17641084977389945,0.09395433119075157,0.33123313766947143
pfizer,covidadmitted,none,none,,BNT162b2,COVID-19 hospitalisation, ,Main analysis,2,treated_period_1,treated_period_1,treated_period_1,numeric,continuous,NA,NA,NA,NA,treated_period_1,-1.2064136407081574,0.11734460804277713,0.11739000781240058,-10.27697044399308,8.949661931255788e-25,-1.436493828165338,-0.9763334532509766,NA,Demographic adjustment,1,0,7,3.5,0.2992686420110274,0.23775992612498478,0.37668972038645393
pfizer,covidadmitted,none,none,,BNT162b2,COVID-19 hospitalisation, ,Main analysis,2,treated_period_2,treated_period_2,treated_period_2,numeric,continuous,NA,NA,NA,NA,treated_period_2,-1.1952377435716028,0.09569952068211068,0.09566459024475922,-12.494045503289879,8.04561076826026e-36,-1.3827368950471126,-1.007738592096093,NA,Demographic adjustment,2,7,14,10.5,0.3026319968169767,0.25089095034137737,0.3650435592547798
pfizer,covidadmitted,none,none,,BNT162b2,COVID-19 hospitalisation, ,Main analysis,2,treated_period_3,treated_period_3,treated_period_3,numeric,continuous,NA,NA,NA,NA,treated_period_3,-2.0108924268680233,0.10878404249174274,0.10937902591040867,-18.384625481261153,1.744401954763633e-75,-2.2252713783164975,-1.7965134754195489,NA,Demographic adjustment,3,14,28,21,0.13386915291566412,0.10803809545970884,0.16587621270166514
pfizer,covidadmitted,none,none,,BNT162b2,COVID-19 hospitalisation, ,Main analysis,2,treated_period_4,treated_period_4,treated_period_4,numeric,continuous,NA,NA,NA,NA,treated_period_4,-2.4666802942335115,0.18206351421842118,0.1816313069975476,-13.58070001812417,5.2125857714280766e-42,-2.8226711144136427,-2.1106894740533804,NA,Demographic adjustment,4,28,42,35,0.08486612244338065,0.059446940866824755,0.12115440481133663
pfizer,covidadmitted,none,none,,BNT162b2,COVID-19 hospitalisation, ,Main analysis,2,treated_period_5,treated_period_5,treated_period_5,numeric,continuous,NA,NA,NA,NA,treated_period_5,-1.9878146172327236,0.21895939205097228,0.21895417070548628,-9.078678934627462,1.0990060718887158e-19,-2.4169569060803116,-1.5586723283851356,NA,Demographic adjustment,5,42,56,49,0.13699448393226696,0.0891926264365531,0.21041524818442645
pfizer,covidadmitted,none,none,,BNT162b2,COVID-19 hospitalisation, ,Main analysis,2,treated_period_6,treated_period_6,treated_period_6,numeric,continuous,NA,NA,NA,NA,treated_period_6,-1.776546242569402,0.32036048432665787,0.3228295563425005,-5.503047065134909,3.732827174763481e-8,-2.409280546145747,-1.143811938993057,NA,Demographic adjustment,6,56,70,63,0.16922158947677474,0.08987993578249416,0.3186022118923619
pfizer,covidadmitted,none,none,,BNT162b2,COVID-19 hospitalisation, ,Main analysis,3,treated_period_1,treated_period_1,treated_period_1,numeric,continuous,NA,NA,NA,NA,treated_period_1,-1.1878684527049685,0.11739975283868931,0.11748499041529809,-10.110810312925663,4.947337314125687e-24,-1.418134802642986,-0.9576021027669509,NA,Full adjustment,1,0,7,3.5,0.30487041768424983,0.2421652819608804,0.3838121254473774
pfizer,covidadmitted,none,none,,BNT162b2,COVID-19 hospitalisation, ,Main analysis,3,treated_period_2,treated_period_2,treated_period_2,numeric,continuous,NA,NA,NA,NA,treated_period_2,-1.1679977292729606,0.09578677036315028,0.09589129318496548,-12.180435683769543,3.951652322761923e-34,-1.355941210346464,-0.9800542481994572,NA,Full adjustment,2,7,14,10.5,0.31098900246626315,0.25770462600838456,0.3752907394522859
pfizer,covidadmitted,none,none,,BNT162b2,COVID-19 hospitalisation, ,Main analysis,3,treated_period_3,treated_period_3,treated_period_3,numeric,continuous,NA,NA,NA,NA,treated_period_3,-1.9677022550819077,0.10886549272354518,0.10943525628817118,-17.980514889099737,2.7690914982798276e-72,-2.1821914160456335,-1.7532130941181818,NA,Full adjustment,3,14,28,21,0.13977766092025853,0.11279408084813153,0.1732164874737079
pfizer,covidadmitted,none,none,,BNT162b2,COVID-19 hospitalisation, ,Main analysis,3,treated_period_4,treated_period_4,treated_period_4,numeric,continuous,NA,NA,NA,NA,treated_period_4,-2.3978632848981762,0.18210436716072537,0.1815063301967999,-13.21090720251063,7.590406342849126e-40,-2.7536091550499386,-2.042117414746414,NA,Full adjustment,4,28,42,35,0.09091199894652842,0.06369755150531366,0.12975367745123012
pfizer,covidadmitted,none,none,,BNT162b2,COVID-19 hospitalisation, ,Main analysis,3,treated_period_5,treated_period_5,treated_period_5,numeric,continuous,NA,NA,NA,NA,treated_period_5,-1.9088226059405162,0.21902610424645225,0.21902782491209827,-8.7149776824318,2.908159463253794e-18,-2.3381092543803734,-1.479535957500659,NA,Full adjustment,5,42,56,49,0.14825483824197924,0.09650994158084689,0.22774334645869715
pfizer,covidadmitted,none,none,,BNT162b2,COVID-19 hospitalisation, ,Main analysis,3,treated_period_6,treated_period_6,treated_period_6,numeric,continuous,NA,NA,NA,NA,treated_period_6,-1.6972028980728593,0.32044983857780235,0.3215402027864779,-5.278353634677231,1.3034972240627967e-7,-2.327410115116061,-1.0669956810296573,NA,Full adjustment,6,56,70,63,0.1831952237944675,0.09754805846186451,0.3440405739518147
pfizer,coviddeath,none,none,,BNT162b2,COVID-19 death, ,Main analysis,0,treated_period_1,treated_period_1,treated_period_1,numeric,continuous,NA,NA,NA,NA,treated_period_1,-1.5100812259593668,0.6405159390535508,0.6401510912591621,-2.358945015604164,0.018326971012751967,-2.7647543094913374,-0.25540814242739596,NA,Unadjusted,1,0,7,3.5,0.2208920350632091,0.06299157387879231,0.7746002861946825
pfizer,coviddeath,none,none,,BNT162b2,COVID-19 death, ,Main analysis,0,treated_period_2,treated_period_2,treated_period_2,numeric,continuous,NA,NA,NA,NA,treated_period_2,-1.4561706556577807,0.3965752947486974,0.39627006952102256,-3.674692508111641,2.3813603691527068e-4,-2.232845720070168,-0.6794955912453933,NA,Unadjusted,2,7,14,10.5,0.23312729231220822,0.10722286930055033,0.5068725988714315
pfizer,coviddeath,none,none,,BNT162b2,COVID-19 death, ,Main analysis,0,treated_period_3,treated_period_3,treated_period_3,numeric,continuous,NA,NA,NA,NA,treated_period_3,-1.9161488423284885,0.22691330482927172,0.22741114722613426,-8.425923116350575,3.5791714924197657e-17,-2.3618665005746475,-1.4704311840823296,NA,Unadjusted,3,14,28,21,0.14717265724863124,0.09424415216490545,0.2298263663481578
pfizer,coviddeath,none,none,,BNT162b2,COVID-19 death, ,Main analysis,0,treated_period_4,treated_period_4,treated_period_4,numeric,continuous,NA,NA,NA,NA,treated_period_4,-2.516770025089646,0.29210779816118276,0.2921759720221035,-8.613884323448914,7.062595515326576e-18,-3.0894244074009514,-1.9441156427783408,NA,Unadjusted,4,28,42,35,0.08071990941987175,0.045528152531819875,0.1431137310524173
pfizer,coviddeath,none,none,,BNT162b2,COVID-19 death, ,Main analysis,0,treated_period_5,treated_period_5,treated_period_5,numeric,continuous,NA,NA,NA,NA,treated_period_5,-3.62419260409039,0.719407045068765,0.7193393198376877,-5.038223970445763,4.6987142751836733e-7,-5.034071763635796,-2.2143134445449837,NA,Unadjusted,5,42,56,49,0.026670622396993287,0.006512240210269662,0.10922847992020632
pfizer,coviddeath,none,none,,BNT162b2,COVID-19 death, ,Main analysis,0,treated_period_6,treated_period_6,treated_period_6,numeric,continuous,NA,NA,NA,NA,treated_period_6,-2.092013369131849,0.6212611565024808,0.6214338482213285,-3.3664297094849625,7.614798608337874e-4,-3.310001330419783,-0.8740254078439154,NA,Unadjusted,6,56,70,63,0.12343835848053666,0.03651612517193276,0.4172684881713861
pfizer,coviddeath,none,none,,BNT162b2,COVID-19 death, ,Main analysis,1,treated_period_1,treated_period_1,treated_period_1,numeric,continuous,NA,NA,NA,NA,treated_period_1,-1.4883684348994086,0.6405615543508756,0.636175581676319,-2.3395560561717352,0.019306674018909807,-2.735249662828813,-0.24148720697000403,NA,region- and trial-stratified,1,0,7,3.5,0.22574066583358368,0.0648778075047857,0.7854588521233663
pfizer,coviddeath,none,none,,BNT162b2,COVID-19 death, ,Main analysis,1,treated_period_2,treated_period_2,treated_period_2,numeric,continuous,NA,NA,NA,NA,treated_period_2,-1.4042807846458873,0.39672122661958253,0.3953117182764922,-3.5523378633154854,3.8182424857234116e-4,-2.1790775151344564,-0.6294840541573186,NA,region- and trial-stratified,2,7,14,10.5,0.24554359168313505,0.11314585785438318,0.5328666604326646
pfizer,coviddeath,none,none,,BNT162b2,COVID-19 death, ,Main analysis,1,treated_period_3,treated_period_3,treated_period_3,numeric,continuous,NA,NA,NA,NA,treated_period_3,-1.8384101272553137,0.22750050631761795,0.2299348733979422,-7.9953514666460626,1.292047560869792e-15,-2.289074197905057,-1.3877460566055702,NA,region- and trial-stratified,3,14,28,21,0.15907012643151952,0.10136025796803522,0.2496373394286271
pfizer,coviddeath,none,none,,BNT162b2,COVID-19 death, ,Main analysis,1,treated_period_4,treated_period_4,treated_period_4,numeric,continuous,NA,NA,NA,NA,treated_period_4,-2.442711371014991,0.29290195256017676,0.29459007671148413,-8.291899707834814,1.1145388914162505e-16,-3.0200973115723913,-1.8653254304575904,NA,region- and trial-stratified,4,28,42,35,0.0869248461492509,0.04879646966977465,0.15484581014169574
pfizer,coviddeath,none,none,,BNT162b2,COVID-19 death, ,Main analysis,1,treated_period_5,treated_period_5,treated_period_5,numeric,continuous,NA,NA,NA,NA,treated_period_5,-3.620987384982294,0.7201733261891924,0.7254384985165541,-4.991446404329016,5.992881274848047e-7,-5.042820715073553,-2.199154054891035,NA,region- and trial-stratified,5,42,56,49,0.026756244731393188,0.006455513448601889,0.11089693141004174
pfizer,coviddeath,none,none,,BNT162b2,COVID-19 death, ,Main analysis,1,treated_period_6,treated_period_6,treated_period_6,numeric,continuous,NA,NA,NA,NA,treated_period_6,-2.1074955019227652,0.6215686911043125,0.6267758164840639,-3.3624390834746722,7.7257169839564e-4,-3.3359535286122166,-0.8790374752333139,NA,region- and trial-stratified,6,56,70,63,0.12154198723804782,0.0355806428699525,0.41518234270716253
pfizer,coviddeath,none,none,,BNT162b2,COVID-19 death, ,Main analysis,2,treated_period_1,treated_period_1,treated_period_1,numeric,continuous,NA,NA,NA,NA,treated_period_1,-1.5102382071820284,0.6406803672314205,0.6369412321235584,-2.371079357112591,0.01773622252320041,-2.7586200824127687,-0.2618563319512879,NA,Demographic adjustment,1,0,7,3.5,0.22085736188305896,0.0633791660708782,0.769621585796744
pfizer,coviddeath,none,none,,BNT162b2,COVID-19 death, ,Main analysis,2,treated_period_2,treated_period_2,treated_period_2,numeric,continuous,NA,NA,NA,NA,treated_period_2,-1.4304571947921851,0.3969752698652407,0.39662248055686544,-3.6065963603066478,3.1023968259471173e-4,-2.207822972142579,-0.6530914174417912,NA,Demographic adjustment,2,7,14,10.5,0.2391995364579924,0.10993973003244185,0.5204344073324046
pfizer,coviddeath,none,none,,BNT162b2,COVID-19 death, ,Main analysis,2,treated_period_3,treated_period_3,treated_period_3,numeric,continuous,NA,NA,NA,NA,treated_period_3,-1.890927804056952,0.22838018950414427,0.231820456888312,-8.156863416794902,3.4383683481971975e-16,-2.345287550437664,-1.4365680576762403,NA,Demographic adjustment,3,14,28,21,0.15093170880198162,0.09581964518777254,0.2377422779769712
pfizer,coviddeath,none,none,,BNT162b2,COVID-19 death, ,Main analysis,2,treated_period_4,treated_period_4,treated_period_4,numeric,continuous,NA,NA,NA,NA,treated_period_4,-2.5214684906112015,0.29396346259589906,0.2962776650620072,-8.51049129904372,1.7319790396282114e-17,-3.1021620435563566,-1.9407749376660464,NA,Demographic adjustment,4,28,42,35,0.08034153928413935,0.044951909269688756,0.14359263131226727
pfizer,coviddeath,none,none,,BNT162b2,COVID-19 death, ,Main analysis,2,treated_period_5,treated_period_5,treated_period_5,numeric,continuous,NA,NA,NA,NA,treated_period_5,-3.7158350997031717,0.7210713564143989,0.7275459056560873,-5.107354836052992,3.266999023239387e-7,-5.141798871888678,-2.2898713275176648,NA,Demographic adjustment,5,42,56,49,0.02433511038365333,0.005847161951863716,0.10127949289925794
pfizer,coviddeath,none,none,,BNT162b2,COVID-19 death, ,Main analysis,2,treated_period_6,treated_period_6,treated_period_6,numeric,continuous,NA,NA,NA,NA,treated_period_6,-2.2043165439532335,0.6223068071594556,0.6173192547842876,-3.5707885779838455,3.5590809464031446e-4,-3.414240050293542,-0.9943930376129246,NA,Demographic adjustment,6,56,70,63,0.11032590244821196,0.03290140061299062,0.36994792088597384
pfizer,coviddeath,none,none,,BNT162b2,COVID-19 death, ,Main analysis,3,treated_period_1,treated_period_1,treated_period_1,numeric,continuous,NA,NA,NA,NA,treated_period_1,-1.4842271289705011,0.6408100397992377,0.6375450072322159,-2.328035059695628,0.019910242082914937,-2.733792381668972,-0.23466187627203006,NA,Full adjustment,1,0,7,3.5,0.22667746543940195,0.06497242163430432,0.7908382055887861
pfizer,coviddeath,none,none,,BNT162b2,COVID-19 death, ,Main analysis,3,treated_period_2,treated_period_2,treated_period_2,numeric,continuous,NA,NA,NA,NA,treated_period_2,-1.3967268634562884,0.3972328671292844,0.39850089960114354,-3.5049528491761537,4.566881567005378e-4,-2.1777742744813415,-0.6156794524312352,NA,Full adjustment,2,7,14,10.5,0.24740543186701952,0.11329341026333543,0.5402736803052643
pfizer,coviddeath,none,none,,BNT162b2,COVID-19 death, ,Main analysis,3,treated_period_3,treated_period_3,treated_period_3,numeric,continuous,NA,NA,NA,NA,treated_period_3,-1.8329707084451694,0.22857504405311094,0.23269279525509914,-7.877212985626389,3.347640084196982e-15,-2.2890402066071163,-1.3769012102832225,NA,Full adjustment,3,14,28,21,0.15993773296784472,0.10136370339332007,0.25235935123281367
pfizer,coviddeath,none,none,,BNT162b2,COVID-19 death, ,Main analysis,3,treated_period_4,treated_period_4,treated_period_4,numeric,continuous,NA,NA,NA,NA,treated_period_4,-2.4360306565139456,0.2940988437339323,0.2971559762116572,-8.197818154526425,2.4478927399267276e-16,-3.0184456676796345,-1.8536156453482566,NA,Full adjustment,4,28,42,35,0.087507510368954,0.0488771306541675,0.15666967901929552
pfizer,coviddeath,none,none,,BNT162b2,COVID-19 death, ,Main analysis,3,treated_period_5,treated_period_5,treated_period_5,numeric,continuous,NA,NA,NA,NA,treated_period_5,-3.6177976879385825,0.7213039706683342,0.7284869337255472,-4.966180614162621,6.828436352757316e-7,-5.045605841248672,-2.189989534628493,NA,Full adjustment,5,42,56,49,0.026841725302201278,0.0064375590433702595,0.11191791987380979
pfizer,coviddeath,none,none,,BNT162b2,COVID-19 death, ,Main analysis,3,treated_period_6,treated_period_6,treated_period_6,numeric,continuous,NA,NA,NA,NA,treated_period_6,-2.0477373587531087,0.6251993889278108,0.628245637368276,-3.2594533681619984,0.001116271294160923,-3.2790761814393408,-0.8163985360668768,NA,Full adjustment,6,56,70,63,0.12902651427134737,0.037663034550909115,0.4420207129755123
moderna,postest,none,none,,mRNA-1273,Positive SARS-CoV-2 test, ,Main analysis,0,treated_period_1,treated_period_1,treated_period_1,numeric,continuous,NA,NA,NA,NA,treated_period_1,-0.17277194894372422,0.022355423133365276,0.02234419403378867,-7.732297199105064,1.0562300176040898e-14,-0.21656576451352477,-0.12897813337392366,NA,Unadjusted,1,0,7,3.5,0.8413294590404661,0.8052795743617686,0.8789931859507606
moderna,postest,none,none,,mRNA-1273,Positive SARS-CoV-2 test, ,Main analysis,0,treated_period_2,treated_period_2,treated_period_2,numeric,continuous,NA,NA,NA,NA,treated_period_2,-0.8656153321871584,0.02976089380928059,0.030038769827673815,-28.81660391397563,1.3287154113641112e-182,-0.9244902391892875,-0.8067404251850292,NA,Unadjusted,2,7,14,10.5,0.42079254575034303,0.3967336067819599,0.4463104802118972
moderna,postest,none,none,,mRNA-1273,Positive SARS-CoV-2 test, ,Main analysis,0,treated_period_3,treated_period_3,treated_period_3,numeric,continuous,NA,NA,NA,NA,treated_period_3,-1.9025247025803367,0.046339235290683276,0.0463700727949295,-41.02915065486753,0,-1.9934083752188991,-1.8116410299417742,NA,Unadjusted,3,14,28,21,0.14919147922723408,0.1362303092404441,0.1633857957022256
moderna,postest,none,none,,mRNA-1273,Positive SARS-CoV-2 test, ,Main analysis,0,treated_period_4,treated_period_4,treated_period_4,numeric,continuous,NA,NA,NA,NA,treated_period_4,-1.9596562249627256,0.11698719104188002,0.11703230088019685,-16.74457573015486,6.203115236572212e-63,-2.189035319715767,-1.7302771302096847,NA,Unadjusted,4,28,42,35,0.1409068528543154,0.11202476459025851,0.17723528591136375
moderna,postest,none,none,,mRNA-1273,Positive SARS-CoV-2 test, ,Main analysis,0,treated_period_5,treated_period_5,treated_period_5,numeric,continuous,NA,NA,NA,NA,treated_period_5,-1.3064409719997163,0.7071138920753317,0.7051743578325866,-1.8526495716820641,0.0639326023456207,-2.688557316172746,0.07567537217331366,NA,Unadjusted,5,42,56,49,0.2707820644116966,0.06797894078069791,1.0786123697278862
moderna,postest,none,none,,mRNA-1273,Positive SARS-CoV-2 test, ,Main analysis,1,treated_period_1,treated_period_1,treated_period_1,numeric,continuous,NA,NA,NA,NA,treated_period_1,-0.1679087340303455,0.02235905270870538,0.022347143026075576,-7.513655496562698,5.749877327590623e-14,-0.21170832951881907,-0.12410913854187194,NA,region- and trial-stratified,1,0,7,3.5,0.8454309902428673,0.8092006831024319,0.8832834353558728
moderna,postest,none,none,,mRNA-1273,Positive SARS-CoV-2 test, ,Main analysis,1,treated_period_2,treated_period_2,treated_period_2,numeric,continuous,NA,NA,NA,NA,treated_period_2,-0.8518018955787667,0.02978211709630235,0.030071039940652636,-28.32631984992402,1.6387816337813672e-176,-0.9107400508401113,-0.7928637403174221,NA,region- and trial-stratified,2,7,14,10.5,0.4266454683272911,0.40222644584256545,0.45254696086159407
moderna,postest,none,none,,mRNA-1273,Positive SARS-CoV-2 test, ,Main analysis,1,treated_period_3,treated_period_3,treated_period_3,numeric,continuous,NA,NA,NA,NA,treated_period_3,-1.8658985864232638,0.046442776163638844,0.046715528211424204,-39.94172083377966,0,-1.9574593392364201,-1.7743378336101074,NA,region- and trial-stratified,3,14,28,21,0.15475708477102015,0.14121674938708642,0.16959571290779765
moderna,postest,none,none,,mRNA-1273,Positive SARS-CoV-2 test, ,Main analysis,1,treated_period_4,treated_period_4,treated_period_4,numeric,continuous,NA,NA,NA,NA,treated_period_4,-1.927533654674595,0.11802607319646093,0.11998745563034263,-16.064459776636493,4.527919643079059e-58,-2.162704746306664,-1.6923625630425256,NA,region- and trial-stratified,4,28,42,35,0.1455066258856299,0.11501361730206336,0.1840840995463659
moderna,postest,none,none,,mRNA-1273,Positive SARS-CoV-2 test, ,Main analysis,1,treated_period_5,treated_period_5,treated_period_5,numeric,continuous,NA,NA,NA,NA,treated_period_5,-1.3609775760623153,0.7085685081324282,0.7039324848056302,-1.9333922008700997,0.05318790129534646,-2.7406598938291387,0.01870474170450831,NA,region- and trial-stratified,5,42,56,49,0.2564099941214894,0.06452775137551368,1.018880771201503
moderna,postest,none,none,,mRNA-1273,Positive SARS-CoV-2 test, ,Main analysis,2,treated_period_1,treated_period_1,treated_period_1,numeric,continuous,NA,NA,NA,NA,treated_period_1,-0.1525396352390791,0.022707640757640975,0.022713885013334746,-6.715699896760372,1.8716564745149242e-11,-0.19705803181419929,-0.10802123866395892,NA,Demographic adjustment,1,0,7,3.5,0.8585248654437377,0.8211429795131349,0.8976085322220039
moderna,postest,none,none,,mRNA-1273,Positive SARS-CoV-2 test, ,Main analysis,2,treated_period_2,treated_period_2,treated_period_2,numeric,continuous,NA,NA,NA,NA,treated_period_2,-0.8102715422005052,0.030168027586977005,0.030353484177738636,-26.69451511582191,5.450149650572939e-157,-0.8697632779941793,-0.7507798064068312,NA,Demographic adjustment,2,7,14,10.5,0.44473728488408387,0.4190507360381034,0.4719983418620748
moderna,postest,none,none,,mRNA-1273,Positive SARS-CoV-2 test, ,Main analysis,2,treated_period_3,treated_period_3,treated_period_3,numeric,continuous,NA,NA,NA,NA,treated_period_3,-1.7662923915457245,0.046811226921941305,0.04698159782029169,-37.59540912810016,2.554918751346327e-309,-1.8583746312096416,-1.6742101518818073,NA,Demographic adjustment,3,14,28,21,0.17096568903236178,0.15592586154418636,0.1874561829374739
moderna,postest,none,none,,mRNA-1273,Positive SARS-CoV-2 test, ,Main analysis,2,treated_period_4,treated_period_4,treated_period_4,numeric,continuous,NA,NA,NA,NA,treated_period_4,-1.7024529996462823,0.11791733062517834,0.1188286008502984,-14.326963268641459,1.484721930227721e-46,-1.9353527776461528,-1.4695532216464118,NA,Demographic adjustment,4,28,42,35,0.1822359506060334,0.14437332815583181,0.23002823386767765
moderna,postest,none,none,,mRNA-1273,Positive SARS-CoV-2 test, ,Main analysis,2,treated_period_5,treated_period_5,treated_period_5,numeric,continuous,NA,NA,NA,NA,treated_period_5,-0.9844563205669865,0.7093633580210754,0.6905974987767947,-1.4255138808215824,0.1540087105482491,-2.338002545982948,0.36908990484897486,NA,Demographic adjustment,5,42,56,49,0.3736423133657817,0.09652024055153215,1.4464176377885833
moderna,postest,none,none,,mRNA-1273,Positive SARS-CoV-2 test, ,Main analysis,3,treated_period_1,treated_period_1,treated_period_1,numeric,continuous,NA,NA,NA,NA,treated_period_1,-0.18945216519085945,0.022775555711545464,0.022765923048630978,-8.32174319425419,8.667895216150286e-17,-0.23407255444098646,-0.14483177594073243,NA,Full adjustment,1,0,7,3.5,0.8274122950600565,0.7913044011642856,0.8651678229127091
moderna,postest,none,none,,mRNA-1273,Positive SARS-CoV-2 test, ,Main analysis,3,treated_period_2,treated_period_2,treated_period_2,numeric,continuous,NA,NA,NA,NA,treated_period_2,-0.8556465734962763,0.030235098947713653,0.030406366804683362,-28.14037530338826,3.1430368356363826e-174,-0.9152419573341699,-0.7960511896583826,NA,Full adjustment,2,7,14,10.5,0.4250083031197206,0.4004197298785265,0.4511067868096856
moderna,postest,none,none,,mRNA-1273,Positive SARS-CoV-2 test, ,Main analysis,3,treated_period_3,treated_period_3,treated_period_3,numeric,continuous,NA,NA,NA,NA,treated_period_3,-1.8274553011571883,0.046888099194635484,0.04708065911854926,-38.815414553896744,0,-1.9197316973979521,-1.7351789049164246,NA,Full adjustment,3,14,28,21,0.16082229181469931,0.14664630243708537,0.17636864424610002
moderna,postest,none,none,,mRNA-1273,Positive SARS-CoV-2 test, ,Main analysis,3,treated_period_4,treated_period_4,treated_period_4,numeric,continuous,NA,NA,NA,NA,treated_period_4,-1.7638900029463886,0.11797404414395003,0.1187944747823108,-14.848249518158923,7.140901317139212e-50,-1.9967228950820695,-1.5310571108107078,NA,Full adjustment,4,28,42,35,0.17137690881164694,0.13577951866436036,0.21630688606605472
moderna,postest,none,none,,mRNA-1273,Positive SARS-CoV-2 test, ,Main analysis,3,treated_period_5,treated_period_5,treated_period_5,numeric,continuous,NA,NA,NA,NA,treated_period_5,-1.023877870423489,0.7103534700247124,0.6976348560338249,-1.467641505535449,0.1422016274634501,-2.391217062609571,0.34346132176259325,NA,Full adjustment,5,42,56,49,0.3591993075099803,0.09151823265064842,1.4098189921146307
moderna,covidemergency,none,none,,mRNA-1273,COVID-19 A&E attendance, ,Main analysis,0,treated_period_1,treated_period_1,treated_period_1,numeric,continuous,NA,NA,NA,NA,treated_period_1,-0.2129179342305488,0.33831423402712035,0.3381067217057804,-0.6297358808968887,0.5288674027439938,-0.8755949317047852,0.44975906324368753,NA,Unadjusted,1,0,7,3.5,0.8082224618931814,0.41661408900470287,1.5679343669563253
moderna,covidemergency,none,none,,mRNA-1273,COVID-19 A&E attendance, ,Main analysis,0,treated_period_2,treated_period_2,treated_period_2,numeric,continuous,NA,NA,NA,NA,treated_period_2,-1.259260615596102,0.3578789028402366,0.3612416513927707,-3.4859230953601568,4.904419775287935e-4,-1.9672812420417056,-0.5512399891504981,NA,Unadjusted,2,7,14,10.5,0.28386383341749033,0.13983652152790715,0.5762348422432092
moderna,covidemergency,none,none,,mRNA-1273,COVID-19 A&E attendance, ,Main analysis,0,treated_period_3,treated_period_3,treated_period_3,numeric,continuous,NA,NA,NA,NA,treated_period_3,-1.8441461844791296,0.38805484519784544,0.38411204320575293,-4.801063171797758,1.578254678508331e-6,-2.5969919551904983,-1.0913004137677609,NA,Unadjusted,3,14,28,21,0.15816030297801476,0.07449733282900108,0.3357795573099962
moderna,covidemergency,none,none,,mRNA-1273,COVID-19 A&E attendance, ,Main analysis,0,treated_period_4,treated_period_4,treated_period_4,numeric,continuous,NA,NA,NA,NA,treated_period_4,-17.97684503840348,1624.152574375928,0.42004566876182614,-42.797358419131065,0,-18.800119421038698,-17.15357065576826,NA,Unadjusted,4,28,42,35,1.5586743830321497e-8,6.842453840479746e-9,3.550576867538379e-8
moderna,covidemergency,none,none,,mRNA-1273,COVID-19 A&E attendance, ,Main analysis,1,treated_period_1,treated_period_1,treated_period_1,numeric,continuous,NA,NA,NA,NA,treated_period_1,-0.23251975307594439,0.3384407154278042,0.3372415875722684,-0.6894753246472519,0.49052419614688864,-0.893501118806701,0.4284616126548122,NA,region- and trial-stratified,1,0,7,3.5,0.7925340942060086,0.40922051211337895,1.5348944441595194
moderna,covidemergency,none,none,,mRNA-1273,COVID-19 A&E attendance, ,Main analysis,1,treated_period_2,treated_period_2,treated_period_2,numeric,continuous,NA,NA,NA,NA,treated_period_2,-1.2935780830719539,0.35845573732664593,0.36590328023520663,-3.5353005915673337,4.073115350486038e-4,-2.010735334158025,-0.5764208319858825,NA,region- and trial-stratified,2,7,14,10.5,0.2742876013624693,0.13389018443558676,0.5619059274458694
moderna,covidemergency,none,none,,mRNA-1273,COVID-19 A&E attendance, ,Main analysis,1,treated_period_3,treated_period_3,treated_period_3,numeric,continuous,NA,NA,NA,NA,treated_period_3,-1.872968659059714,0.3887366948205001,0.3808735426196185,-4.917560422227235,8.762941363121811e-7,-2.6194670852583473,-1.1264702328610807,NA,region- and trial-stratified,3,14,28,21,0.1536667996796511,0.07284167088604566,0.32417550334240997
moderna,covidemergency,none,none,,mRNA-1273,COVID-19 A&E attendance, ,Main analysis,1,treated_period_4,treated_period_4,treated_period_4,numeric,continuous,NA,NA,NA,NA,treated_period_4,-18.08442411696387,1677.5163141401463,0.4222776982755428,-42.82590387987646,0,-18.912073197058405,-17.256775036869335,NA,region- and trial-stratified,4,28,42,35,1.3996981790531166e-8,6.11773934301936e-9,3.202416583308836e-8
moderna,covidemergency,none,none,,mRNA-1273,COVID-19 A&E attendance, ,Main analysis,2,treated_period_1,treated_period_1,treated_period_1,numeric,continuous,NA,NA,NA,NA,treated_period_1,-0.1651103053147088,0.3418595650409716,0.3433472930195751,-0.48088424948000225,0.6305987676237063,-0.8380586338223966,0.507838023192979,NA,Demographic adjustment,1,0,7,3.5,0.8478001820641298,0.43254944570195875,1.6616947631074415
moderna,covidemergency,none,none,,mRNA-1273,COVID-19 A&E attendance, ,Main analysis,2,treated_period_2,treated_period_2,treated_period_2,numeric,continuous,NA,NA,NA,NA,treated_period_2,-1.2229388294593622,0.362167319944107,0.3622990569674696,-3.3754954807104793,7.368290221266931e-4,-1.9330319327484278,-0.5128457261702966,NA,Demographic adjustment,2,7,14,10.5,0.29436380947410395,0.14470878537936932,0.5987891619775836
moderna,covidemergency,none,none,,mRNA-1273,COVID-19 A&E attendance, ,Main analysis,2,treated_period_3,treated_period_3,treated_period_3,numeric,continuous,NA,NA,NA,NA,treated_period_3,-1.8068760462876337,0.3944996916655823,0.3879118292947915,-4.6579555193572295,3.1936519199654204e-6,-2.5671692608824745,-1.046582831692793,NA,Demographic adjustment,3,14,28,21,0.16416618414057788,0.07675250451864636,0.35113559074454326
moderna,covidemergency,none,none,,mRNA-1273,COVID-19 A&E attendance, ,Main analysis,2,treated_period_4,treated_period_4,treated_period_4,numeric,continuous,NA,NA,NA,NA,treated_period_4,-19.097275520789506,2879.502826535876,0.4427295485792811,-43.13530818548853,0,-19.965009490896573,-18.229541550682438,NA,Demographic adjustment,4,28,42,35,5.083450768695417e-9,2.1345510553616732e-9,1.2106279516172785e-8
moderna,covidemergency,none,none,,mRNA-1273,COVID-19 A&E attendance, ,Main analysis,3,treated_period_1,treated_period_1,treated_period_1,numeric,continuous,NA,NA,NA,NA,treated_period_1,-0.16484661894562241,0.34215593270724753,0.3453844100341539,-0.47728448116497585,0.6331595601809642,-0.8417876234341783,0.5120943855429334,NA,Full adjustment,1,0,7,3.5,0.8480237648924256,0.43093947695631774,1.668782611659456
moderna,covidemergency,none,none,,mRNA-1273,COVID-19 A&E attendance, ,Main analysis,3,treated_period_2,treated_period_2,treated_period_2,numeric,continuous,NA,NA,NA,NA,treated_period_2,-1.218423347982978,0.36231554471330085,0.3623871496405706,-3.3622145520100717,7.732002128241447e-4,-1.9286891097386234,-0.5081575862273325,NA,Full adjustment,2,7,14,10.5,0.29569600930134216,0.14533859661173268,0.601602959950977
moderna,covidemergency,none,none,,mRNA-1273,COVID-19 A&E attendance, ,Main analysis,3,treated_period_3,treated_period_3,treated_period_3,numeric,continuous,NA,NA,NA,NA,treated_period_3,-1.7587229610592703,0.39482974662259446,0.39546754487470104,-4.447199230006345,8.699714406584714e-6,-2.5338251060681616,-0.9836208160503788,NA,Full adjustment,3,14,28,21,0.17226471216127168,0.07935489810463109,0.3739546236563559
moderna,covidemergency,none,none,,mRNA-1273,COVID-19 A&E attendance, ,Main analysis,3,treated_period_4,treated_period_4,treated_period_4,numeric,continuous,NA,NA,NA,NA,treated_period_4,-20.033657760816194,4947.901099933652,0.437134681426358,-45.82948599604804,0,-20.890425992805245,-19.176889528827143,NA,Full adjustment,4,28,42,35,1.992934301637705e-9,8.46064098363578e-10,4.69442816250711e-9
moderna,covidadmitted,none,none,,mRNA-1273,COVID-19 hospitalisation, ,Main analysis,0,treated_period_1,treated_period_1,treated_period_1,numeric,continuous,NA,NA,NA,NA,treated_period_1,-0.5981501028433331,0.2507705327570478,0.2502654630776166,-2.3900625179664705,0.01684550501953354,-1.0886613970497003,-0.10763880863696607,NA,Unadjusted,1,0,7,3.5,0.5498278208079969,0.33666685545768416,0.8979518703244259
moderna,covidadmitted,none,none,,mRNA-1273,COVID-19 hospitalisation, ,Main analysis,0,treated_period_2,treated_period_2,treated_period_2,numeric,continuous,NA,NA,NA,NA,treated_period_2,-1.629714168086694,0.26694085331760964,0.2678568051863536,-6.084273897588183,1.1702041068395123e-9,-2.1547038592659087,-1.1047244769074795,NA,Unadjusted,2,7,14,10.5,0.19598558505642952,0.11593751935164845,0.331302151061289
moderna,covidadmitted,none,none,,mRNA-1273,COVID-19 hospitalisation, ,Main analysis,0,treated_period_3,treated_period_3,treated_period_3,numeric,continuous,NA,NA,NA,NA,treated_period_3,-2.04517074239642,0.31513397844823504,0.31723325621094994,-6.446898937469681,1.1416185634974366e-10,-2.666936499268249,-1.423404985524591,NA,Unadjusted,3,14,28,21,0.12935810117948587,0.06946470485169594,0.2408923837866643
moderna,covidadmitted,none,none,,mRNA-1273,COVID-19 hospitalisation, ,Main analysis,0,treated_period_4,treated_period_4,treated_period_4,numeric,continuous,NA,NA,NA,NA,treated_period_4,-2.017325940127459,0.6320463447613747,0.5830480531323019,-3.459965142306545,5.402453181619693e-4,-3.1600791255229663,-0.8745727547319517,NA,Unadjusted,4,28,42,35,0.13301066844203446,0.04242238425436822,0.41704016005595196
moderna,covidadmitted,none,none,,mRNA-1273,COVID-19 hospitalisation, ,Main analysis,1,treated_period_1,treated_period_1,treated_period_1,numeric,continuous,NA,NA,NA,NA,treated_period_1,-0.6079526341071991,0.25080058093486396,0.2495701966610056,-2.435998537649866,0.014850744564061933,-1.0971012311773485,-0.11880403703704978,NA,region- and trial-stratified,1,0,7,3.5,0.5444644466730812,0.3338373999044601,0.8879817952567992
moderna,covidadmitted,none,none,,mRNA-1273,COVID-19 hospitalisation, ,Main analysis,1,treated_period_2,treated_period_2,treated_period_2,numeric,continuous,NA,NA,NA,NA,treated_period_2,-1.6627255249327904,0.2672051789300819,0.2682852928572111,-6.197602213766295,5.732980793211098e-10,-2.188555036514705,-1.1368960133508756,NA,region- and trial-stratified,2,7,14,10.5,0.18962145715177756,0.11207858112534849,0.3208132780709451
moderna,covidadmitted,none,none,,mRNA-1273,COVID-19 hospitalisation, ,Main analysis,1,treated_period_3,treated_period_3,treated_period_3,numeric,continuous,NA,NA,NA,NA,treated_period_3,-2.0678944804605113,0.3162406184592262,0.31902259359058255,-6.481968744553379,9.053339797718215e-11,-2.6931672741526116,-1.442621686768411,NA,region- and trial-stratified,3,14,28,21,0.12645174823462965,0.06766628194593938,0.23630742183188205
moderna,covidadmitted,none,none,,mRNA-1273,COVID-19 hospitalisation, ,Main analysis,1,treated_period_4,treated_period_4,treated_period_4,numeric,continuous,NA,NA,NA,NA,treated_period_4,-1.944949867150543,0.6360068195705036,0.561811409206973,-3.4619266096712846,5.363233823693432e-4,-3.0460799952999045,-0.8438197390011815,NA,region- and trial-stratified,4,28,42,35,0.14299439187472285,0.04754493594222843,0.43006464731527494
moderna,covidadmitted,none,none,,mRNA-1273,COVID-19 hospitalisation, ,Main analysis,2,treated_period_1,treated_period_1,treated_period_1,numeric,continuous,NA,NA,NA,NA,treated_period_1,-0.5351832817849785,0.25284042456943323,0.25109148455270625,-2.1314274466071708,0.033053943731529874,-1.027313548332978,-0.043053015236979075,NA,Demographic adjustment,1,0,7,3.5,0.5855619574682517,0.35796733193154545,0.9578606075138177
moderna,covidadmitted,none,none,,mRNA-1273,COVID-19 hospitalisation, ,Main analysis,2,treated_period_2,treated_period_2,treated_period_2,numeric,continuous,NA,NA,NA,NA,treated_period_2,-1.59592962187279,0.26952753167880794,0.27215501990867796,-5.864046242499245,4.517215874022289e-9,-2.1293436591055803,-1.0625155846399998,NA,Demographic adjustment,2,7,14,10.5,0.20271998794556328,0.11891531723031304,0.3455853667114768
moderna,covidadmitted,none,none,,mRNA-1273,COVID-19 hospitalisation, ,Main analysis,2,treated_period_3,treated_period_3,treated_period_3,numeric,continuous,NA,NA,NA,NA,treated_period_3,-1.988969523628995,0.3198834050092594,0.3222464435744297,-6.172200076335676,6.7346200259149e-10,-2.620560947180996,-1.3573781000769942,NA,Demographic adjustment,3,14,28,21,0.13683635945358125,0.07276203571876041,0.25733459878558607
moderna,covidadmitted,none,none,,mRNA-1273,COVID-19 hospitalisation, ,Main analysis,2,treated_period_4,treated_period_4,treated_period_4,numeric,continuous,NA,NA,NA,NA,treated_period_4,-1.8132370513247291,0.6421888818963819,0.5741744236855729,-3.157989935681438,0.0015886104233029347,-2.9385982425924935,-0.6878758600569648,NA,Demographic adjustment,4,28,42,35,0.1631252364629823,0.052939885628054587,0.5026426191786568
moderna,covidadmitted,none,none,,mRNA-1273,COVID-19 hospitalisation, ,Main analysis,3,treated_period_1,treated_period_1,treated_period_1,numeric,continuous,NA,NA,NA,NA,treated_period_1,-0.5457267693954865,0.25314167590600595,0.25275867129934837,-2.159082284259869,0.030843783800525215,-1.041124661922407,-0.050328876868565964,NA,Full adjustment,1,0,7,3.5,0.5794205251748038,0.35305738838903644,0.9509166385831422
moderna,covidadmitted,none,none,,mRNA-1273,COVID-19 hospitalisation, ,Main analysis,3,treated_period_2,treated_period_2,treated_period_2,numeric,continuous,NA,NA,NA,NA,treated_period_2,-1.5997940384069262,0.26967801459075236,0.2731923137167388,-5.855926239805132,4.743587313447191e-9,-2.135241134144902,-1.0643469426689505,NA,Full adjustment,2,7,14,10.5,0.20193810520567473,0.11821608100587518,0.3449530553464338
moderna,covidadmitted,none,none,,mRNA-1273,COVID-19 hospitalisation, ,Main analysis,3,treated_period_3,treated_period_3,treated_period_3,numeric,continuous,NA,NA,NA,NA,treated_period_3,-1.9415100488654913,0.31961942324248144,0.32537386871282037,-5.96701282910674,2.4163641711059743e-9,-2.579231113053083,-1.3037889846778996,NA,Full adjustment,3,14,28,21,0.14348711354922825,0.07583228806950423,0.27150112806590565
moderna,covidadmitted,none,none,,mRNA-1273,COVID-19 hospitalisation, ,Main analysis,3,treated_period_4,treated_period_4,treated_period_4,numeric,continuous,NA,NA,NA,NA,treated_period_4,-1.6807771751313694,0.639938720376484,0.5618269946838947,-2.991627655906848,0.002774944918009239,-2.781937850254179,-0.5796165000085596,NA,Full adjustment,4,28,42,35,0.1862291870905706,0.06191840245033535,0.5601131287622055
moderna,coviddeath,none,none,,mRNA-1273,COVID-19 death, ,Main analysis,0,treated_period_1,treated_period_1,treated_period_1,numeric,continuous,NA,NA,NA,NA,treated_period_1,-0.12170029688904595,1.4142722049606677,1.4014508394481675,-0.0868387912464817,0.9307996531170654,-2.8684934683108794,2.6250928745327875,NA,Unadjusted,1,0,7,3.5,0.8854136899791732,0.05678440968481386,13.80585633898371
moderna,coviddeath,none,none,,mRNA-1273,COVID-19 death, ,Main analysis,0,treated_period_2,treated_period_2,treated_period_2,numeric,continuous,NA,NA,NA,NA,treated_period_2,-1.6508827742721734,0.8020497994504632,0.8074913869238511,-2.0444586790717763,0.04090825550031263,-3.233536810469219,-0.06822873807512808,NA,Unadjusted,2,7,14,10.5,0.19188044671176213,0.03941783853405713,0.934046797073727
moderna,coviddeath,none,none,,mRNA-1273,COVID-19 death, ,Main analysis,0,treated_period_3,treated_period_3,treated_period_3,numeric,continuous,NA,NA,NA,NA,treated_period_3,-19.31855512933257,3343.137662443169,0.32014837648986133,-60.34250537561093,0,-19.946034416961666,-18.691075841703473,NA,Unadjusted,3,14,28,21,4.074347892935838e-9,2.175441037800809e-9,7.630779443901749e-9
moderna,coviddeath,none,none,,mRNA-1273,COVID-19 death, ,Main analysis,0,treated_period_4,treated_period_4,treated_period_4,numeric,continuous,NA,NA,NA,NA,treated_period_4,17.239883515824964,13678.200151457635,1.0222444614734625,16.864736533740086,8.176588604485083e-64,15.236321187941435,19.243445843708493,NA,Unadjusted,4,28,42,35,30703386.49708084,4140475.473761033,227678668.3952554
moderna,coviddeath,none,none,,mRNA-1273,COVID-19 death, ,Main analysis,1,treated_period_1,treated_period_1,treated_period_1,numeric,continuous,NA,NA,NA,NA,treated_period_1,-0.11037770899051916,1.4142499083101345,1.4040773100479127,-0.07861227312814607,0.937341025207854,-2.8623186681943067,2.641563250213268,NA,region- and trial-stratified,1,0,7,3.5,0.8954958345832452,0.0571361268383891,14.035126882579425
moderna,coviddeath,none,none,,mRNA-1273,COVID-19 death, ,Main analysis,1,treated_period_2,treated_period_2,treated_period_2,numeric,continuous,NA,NA,NA,NA,treated_period_2,-1.7479955246072725,0.8045719636361128,0.8386533310793677,-2.0842885371450905,0.03713392939363526,-3.3917258490373787,-0.10426520017716623,NA,region- and trial-stratified,2,7,14,10.5,0.17412261838240364,0.033650550984698685,0.9009863240019591
moderna,coviddeath,none,none,,mRNA-1273,COVID-19 death, ,Main analysis,1,treated_period_3,treated_period_3,treated_period_3,numeric,continuous,NA,NA,NA,NA,treated_period_3,-19.367078149959116,3365.2609599671496,0.3260139514282672,-59.405672871090154,0,-20.00605375321611,-18.72810254670212,NA,region- and trial-stratified,3,14,28,21,3.881368070537274e-9,2.048713599474068e-9,7.3534036689431046e-9
moderna,coviddeath,none,none,,mRNA-1273,COVID-19 death, ,Main analysis,1,treated_period_4,treated_period_4,treated_period_4,numeric,continuous,NA,NA,NA,NA,treated_period_4,17.260568126729694,13329.561947574346,1.0021660693826993,17.22326134765431,1.7768729574418364e-66,15.296358724211535,19.224777529247852,NA,region- and trial-stratified,4,28,42,35,31345087.892740995,4396673.209729963,223467719.37230262
moderna,coviddeath,none,none,,mRNA-1273,COVID-19 death, ,Main analysis,2,treated_period_1,treated_period_1,treated_period_1,numeric,continuous,NA,NA,NA,NA,treated_period_1,0.07987650179093557,1.4198640993869955,1.416457043432125,0.05639175728011631,0.9550297232455381,-2.696328288984116,2.856081292565987,NA,Demographic adjustment,1,0,7,3.5,1.083153291922901,0.06745272553043542,17.393234218149516
moderna,coviddeath,none,none,,mRNA-1273,COVID-19 death, ,Main analysis,2,treated_period_2,treated_period_2,treated_period_2,numeric,continuous,NA,NA,NA,NA,treated_period_2,-1.584525689022453,0.8113624454699218,0.8269399614935846,-1.9161314760512342,0.05534836274703422,-3.2052982309268176,0.03624685288191154,NA,Demographic adjustment,2,7,14,10.5,0.205045025162187,0.040546807522555066,1.0369117795617888
moderna,coviddeath,none,none,,mRNA-1273,COVID-19 death, ,Main analysis,2,treated_period_3,treated_period_3,treated_period_3,numeric,continuous,NA,NA,NA,NA,treated_period_3,-20.524181949007545,6101.545861828981,0.33755692530891096,-60.80213561083097,0,-21.185781365345086,-19.862582532670004,NA,Demographic adjustment,3,14,28,21,1.2202843287434774e-9,6.296976292398582e-10,2.3647760033247773e-9
moderna,coviddeath,none,none,,mRNA-1273,COVID-19 death, ,Main analysis,2,treated_period_4,treated_period_4,treated_period_4,numeric,continuous,NA,NA,NA,NA,treated_period_4,18.272735932489528,19758.62735124091,1.040665021896451,17.558710582191274,5.102107227150535e-69,16.2330699696019,20.312401895377157,NA,Demographic adjustment,4,28,42,35,86247871.25670923,11218446.267102823,663077142.6990969
moderna,coviddeath,none,none,,mRNA-1273,COVID-19 death, ,Main analysis,3,treated_period_1,treated_period_1,treated_period_1,numeric,continuous,NA,NA,NA,NA,treated_period_1,0.025095551110595287,1.4201924834249586,1.4094878412018448,0.017804730468051973,0.9857946309911976,-2.7374498542921306,2.787640956513321,NA,Full adjustment,1,0,7,3.5,1.0254130952036253,0.06473522082307483,16.242657435104977
moderna,coviddeath,none,none,,mRNA-1273,COVID-19 death, ,Main analysis,3,treated_period_2,treated_period_2,treated_period_2,numeric,continuous,NA,NA,NA,NA,treated_period_2,-1.6000712127871852,0.8115622969350399,0.8283625965804621,-1.9316072688366055,0.05340799799964709,-3.2236320682249726,0.02348964265060216,NA,Full adjustment,2,7,14,10.5,0.20188214089280884,0.03981020198629842,1.0237676971719751
moderna,coviddeath,none,none,,mRNA-1273,COVID-19 death, ,Main analysis,3,treated_period_3,treated_period_3,treated_period_3,numeric,continuous,NA,NA,NA,NA,treated_period_3,-20.591171697125933,6482.143978989873,0.34030179711243125,-60.5085599660318,0,-21.258150963340555,-19.92419243091131,NA,Full adjustment,3,14,28,21,1.141215748056141e-9,5.857365719523701e-10,2.223479710802899e-9
moderna,coviddeath,none,none,,mRNA-1273,COVID-19 death, ,Main analysis,3,treated_period_4,treated_period_4,treated_period_4,numeric,continuous,NA,NA,NA,NA,treated_period_4,18.47039664267571,18781.858410049812,1.0445077177098014,17.683351046150328,5.634546678846727e-70,16.42319913439037,20.51759415096105,NA,Full adjustment,4,28,42,35,105097247.13373177,13567653.98481717,814100312.9538118
