treatment,outcome,subgroup,subgroup_variable,subgroup_level,treatment_descr,outcome_descr,subgroup_descr,subgroup_variable_descr,subgroup_level_descr,period,model,model_descr,term_left,term_right,estimate,std.error,robust.se,statistic,p.value,conf.low,conf.high,term_midpoint,hr,hr.ll,hr.ul,ve,ve.ll,ve.ul
pfizer,postest,prior_covid_infection-FALSE,prior_covid_infection,FALSE,BNT162b2,Positive SARS-CoV-2 test,Prior SARS-CoV-2 infection,Prior SARS-CoV-2 infection,Prior SARS-CoV-2 infection,1,0,Unadjusted,0,28,-0.5960921648460376,0.006976217362247684,0.006976104639241034,-85.44770981401011,0,-0.6097650786913328,-0.5824192510007423,14,0.5509604974618194,0.543478528766132,0.55854546904097,0.4490395025381806,0.44145453095903,0.456521471233868
pfizer,postest,prior_covid_infection-FALSE,prior_covid_infection,FALSE,BNT162b2,Positive SARS-CoV-2 test,Prior SARS-CoV-2 infection,Prior SARS-CoV-2 infection,Prior SARS-CoV-2 infection,1,3,Full adjustment,0,28,-0.679048220075115,0.006995275024631842,0.0069895725895902025,-97.15160853847395,0,-0.6927475306180402,-0.6653489095321898,14,0.5070994097897208,0.5001998649062914,0.5140941240703016,0.4929005902102792,0.48590587592969836,0.4998001350937086
pfizer,postest,prior_covid_infection-FALSE,prior_covid_infection,FALSE,BNT162b2,Positive SARS-CoV-2 test,Prior SARS-CoV-2 infection,Prior SARS-CoV-2 infection,Prior SARS-CoV-2 infection,2,0,Unadjusted,28,70,-0.6367135678518729,0.013212599542144246,0.013210537377381032,-48.19740103396917,0,-0.66260574532796,-0.6108213903757859,49,0.5290281854857137,0.515506304705191,0.542904749144358,0.47097181451428627,0.45709525085564195,0.484493695294809
pfizer,postest,prior_covid_infection-FALSE,prior_covid_infection,FALSE,BNT162b2,Positive SARS-CoV-2 test,Prior SARS-CoV-2 infection,Prior SARS-CoV-2 infection,Prior SARS-CoV-2 infection,2,3,Full adjustment,28,70,-0.758712455561094,0.013251913360725447,0.013211939463145214,-57.426273990849495,0,-0.7846073810747821,-0.7328175300474059,49,0.468268956125537,0.4562988181726658,0.480553108046677,0.531731043874463,0.519446891953323,0.5437011818273342
pfizer,postest,prior_covid_infection-TRUE,prior_covid_infection,TRUE,BNT162b2,Positive SARS-CoV-2 test,No prior SARS-CoV-2 infection,Prior SARS-CoV-2 infection,No prior SARS-CoV-2 infection,1,0,Unadjusted,0,28,-0.7216693908036741,0.03145000879055356,0.031450551772722456,-22.946159928093504,1.6094794546614923e-116,-0.7833113395721224,-0.6600274420352258,14,0.48594035409950925,0.456890583772187,0.5168371512337813,0.5140596459004907,0.48316284876621873,0.543109416227813
pfizer,postest,prior_covid_infection-TRUE,prior_covid_infection,TRUE,BNT162b2,Positive SARS-CoV-2 test,No prior SARS-CoV-2 infection,Prior SARS-CoV-2 infection,No prior SARS-CoV-2 infection,1,3,Full adjustment,0,28,-0.7787542385920563,0.03153238609647778,0.031458423701821996,-24.755030511810187,2.7367591843605683e-135,-0.8404116160580286,-0.717096861126084,14,0.45897743167609995,0.4315328610120766,0.4881674185690659,0.5410225683239,0.5118325814309341,0.5684671389879234
pfizer,postest,prior_covid_infection-TRUE,prior_covid_infection,TRUE,BNT162b2,Positive SARS-CoV-2 test,No prior SARS-CoV-2 infection,Prior SARS-CoV-2 infection,No prior SARS-CoV-2 infection,2,0,Unadjusted,28,70,-0.606485466908098,0.04602397864679963,0.04602482159991433,-13.177356170550087,1.1847019632967984e-39,-0.6966924596388112,-0.5162784741773848,49,0.545263853338537,0.4982304990014072,0.5967371936352492,0.454736146661463,0.40326280636475076,0.5017695009985927
pfizer,postest,prior_covid_infection-TRUE,prior_covid_infection,TRUE,BNT162b2,Positive SARS-CoV-2 test,No prior SARS-CoV-2 infection,Prior SARS-CoV-2 infection,No prior SARS-CoV-2 infection,2,3,Full adjustment,28,70,-0.6809655507383271,0.046190632651251014,0.045937410100643526,-14.823768890026903,1.0284822305010749e-49,-0.7710012200786349,-0.5909298813980193,49,0.5061280640351024,0.46254972232492336,0.5538120656874467,0.49387193596489765,0.4461879343125533,0.5374502776750767
pfizer,covidemergency,prior_covid_infection-FALSE,prior_covid_infection,FALSE,BNT162b2,COVID-19 A&E attendance,Prior SARS-CoV-2 infection,Prior SARS-CoV-2 infection,Prior SARS-CoV-2 infection,1,0,Unadjusted,0,28,-1.2552241072720924,0.08538668295580672,0.085387203815963,-14.700377236588116,6.410161628109547e-49,-1.422579951491961,-1.0878682630522238,14,0.2850119678120684,0.24109121020949426,0.3369339833066572,0.7149880321879316,0.6630660166933429,0.7589087897905058
pfizer,covidemergency,prior_covid_infection-FALSE,prior_covid_infection,FALSE,BNT162b2,COVID-19 A&E attendance,Prior SARS-CoV-2 infection,Prior SARS-CoV-2 infection,Prior SARS-CoV-2 infection,1,3,Full adjustment,0,28,-1.2688537437955023,0.08551746939650447,0.08552828319318165,-14.835487121021224,8.637464481151371e-50,-1.4364860985136807,-1.101221389077324,14,0.28115371133057,0.23776176393349463,0.33246476677832926,0.71884628866943,0.6675352332216707,0.7622382360665054
pfizer,covidemergency,prior_covid_infection-FALSE,prior_covid_infection,FALSE,BNT162b2,COVID-19 A&E attendance,Prior SARS-CoV-2 infection,Prior SARS-CoV-2 infection,Prior SARS-CoV-2 infection,2,0,Unadjusted,28,70,-1.678437505620417,0.1538977932031949,0.1538648143464514,-10.908520656588482,1.049502761648838e-27,-1.9800070002274035,-1.3768680110134306,49,0.18666541195366873,0.13806827079821712,0.25236772951807546,0.8133345880463313,0.7476322704819245,0.8619317292017828
pfizer,covidemergency,prior_covid_infection-FALSE,prior_covid_infection,FALSE,BNT162b2,COVID-19 A&E attendance,Prior SARS-CoV-2 infection,Prior SARS-CoV-2 infection,Prior SARS-CoV-2 infection,2,3,Full adjustment,28,70,-1.6887351165038178,0.15418685216856134,0.15378830863189705,-10.980907011247012,4.721591325253148e-28,-1.9901546626656663,-1.3873155703419693,49,0.18475306736505212,0.13667428540146997,0.2497448280086516,0.8152469326349479,0.7502551719913484,0.86332571459853
pfizer,covidemergency,prior_covid_infection-TRUE,prior_covid_infection,TRUE,BNT162b2,COVID-19 A&E attendance,No prior SARS-CoV-2 infection,Prior SARS-CoV-2 infection,No prior SARS-CoV-2 infection,1,0,Unadjusted,0,28,-0.9779432786215244,0.3348689358147646,0.3348756664792279,-2.920317528303256,0.003496749042799893,-1.634287524219658,-0.3215990330233909,14,0.37608380355874677,0.19509131963483758,0.7249888286365211,0.6239161964412532,0.27501117136347886,0.8049086803651624
pfizer,covidemergency,prior_covid_infection-TRUE,prior_covid_infection,TRUE,BNT162b2,COVID-19 A&E attendance,No prior SARS-CoV-2 infection,Prior SARS-CoV-2 infection,No prior SARS-CoV-2 infection,1,3,Full adjustment,0,28,-0.9584310183919635,0.33590752595086004,0.3377021134091105,-2.8380960033580505,0.00453835301916875,-1.6203149981768807,-0.29654703860704623,14,0.3834941094019684,0.197836371171301,0.7433806588509806,0.6165058905980316,0.2566193411490194,0.802163628828699
pfizer,covidemergency,prior_covid_infection-TRUE,prior_covid_infection,TRUE,BNT162b2,COVID-19 A&E attendance,No prior SARS-CoV-2 infection,Prior SARS-CoV-2 infection,No prior SARS-CoV-2 infection,2,0,Unadjusted,28,70,-1.160977336978421,0.5758979495186237,0.5759501316777706,-2.0157601728407246,0.04382506005846037,-2.2898188519579534,-0.0321358219988892,49,0.3131799489160929,0.10128480773678343,0.9683750465121963,0.6868200510839071,0.0316249534878037,0.8987151922632166
pfizer,covidemergency,prior_covid_infection-TRUE,prior_covid_infection,TRUE,BNT162b2,COVID-19 A&E attendance,No prior SARS-CoV-2 infection,Prior SARS-CoV-2 infection,No prior SARS-CoV-2 infection,2,3,Full adjustment,28,70,-1.2074140176226353,0.5814472451476161,0.5839633325089837,-2.06761957541925,0.03867580985653184,-2.3519611176322313,-0.06286691761303942,49,0.2989694102675513,0.09518231534418871,0.9390684388429789,0.7010305897324487,0.06093156115702114,0.9048176846558112
pfizer,covidadmittedproxy1,prior_covid_infection-FALSE,prior_covid_infection,FALSE,BNT162b2,COVID-19 hospitalisation (A&E proxy),Prior SARS-CoV-2 infection,Prior SARS-CoV-2 infection,Prior SARS-CoV-2 infection,1,0,Unadjusted,0,28,-1.599802305100307,0.1976633217902014,0.19766513738432845,-8.093497549796783,5.797546209962955e-16,-1.9872188553727526,-1.2123857548278614,14,0.20193643585217713,0.13707612433752533,0.2974867017998784,0.7980635641478229,0.7025132982001216,0.8629238756624746
pfizer,covidadmittedproxy1,prior_covid_infection-FALSE,prior_covid_infection,FALSE,BNT162b2,COVID-19 hospitalisation (A&E proxy),Prior SARS-CoV-2 infection,Prior SARS-CoV-2 infection,Prior SARS-CoV-2 infection,1,3,Full adjustment,0,28,-1.6132569707808255,0.19785234964228635,0.19806213393206873,-8.145206449881732,3.7863533539022e-16,-2.0014516199888286,-1.2250623215728225,14,0.19923764499636676,0.135138970354597,0.2937393934520824,0.8007623550036332,0.7062606065479176,0.864861029645403
pfizer,covidadmittedproxy1,prior_covid_infection-FALSE,prior_covid_infection,FALSE,BNT162b2,COVID-19 hospitalisation (A&E proxy),Prior SARS-CoV-2 infection,Prior SARS-CoV-2 infection,Prior SARS-CoV-2 infection,2,0,Unadjusted,28,70,-1.7496605695822838,0.31705039528902723,0.3171036976504105,-5.517629036010765,3.43603780061101e-8,-2.3711723963415667,-1.1281487428230008,49,0.17383293762430083,0.09337119403670872,0.323631827940574,0.8261670623756991,0.676368172059426,0.9066288059632913
pfizer,covidadmittedproxy1,prior_covid_infection-FALSE,prior_covid_infection,FALSE,BNT162b2,COVID-19 hospitalisation (A&E proxy),Prior SARS-CoV-2 infection,Prior SARS-CoV-2 infection,Prior SARS-CoV-2 infection,2,3,Full adjustment,28,70,-1.7812364108610113,0.3176974293026327,0.3169684530063959,-5.619601553297383,1.9139835003385308e-8,-2.402483162988924,-1.1599896587330987,49,0.16842977007818824,0.09049296528192806,0.3134894227436341,0.8315702299218117,0.6865105772563659,0.9095070347180719
pfizer,covidadmittedproxy1,prior_covid_infection-TRUE,prior_covid_infection,TRUE,BNT162b2,COVID-19 hospitalisation (A&E proxy),No prior SARS-CoV-2 infection,Prior SARS-CoV-2 infection,No prior SARS-CoV-2 infection,1,0,Unadjusted,0,28,-0.7485066418883487,0.557086019403503,0.5570998253107385,-1.343577233166152,0.17908513568525256,-1.8404022352909517,0.3433889515142542,14,0.4730724921431955,0.15875355697939206,1.4097169668558993,0.5269275078568045,-0.4097169668558993,0.8412464430206079
pfizer,covidadmittedproxy1,prior_covid_infection-TRUE,prior_covid_infection,TRUE,BNT162b2,COVID-19 hospitalisation (A&E proxy),No prior SARS-CoV-2 infection,Prior SARS-CoV-2 infection,No prior SARS-CoV-2 infection,1,3,Full adjustment,0,28,-0.6967109599765785,0.5678425405218942,0.5789946226745507,-1.2033116244815203,0.22885575235087813,-1.831519567661056,0.4380976477078987,14,0.498221281654152,0.1601699936157643,1.5497562301749068,0.501778718345848,-0.5497562301749068,0.8398300063842357
pfizer,covidadmittedproxy1,prior_covid_infection-TRUE,prior_covid_infection,TRUE,BNT162b2,COVID-19 hospitalisation (A&E proxy),No prior SARS-CoV-2 infection,Prior SARS-CoV-2 infection,No prior SARS-CoV-2 infection,2,0,Unadjusted,28,70,-10.815435501302812,1.414213546832747,0.8160675536191762,-13.25311299700308,4.32868321373465e-40,-12.414898515348106,-9.215972487257517,49,2.008704453311018e-5,4.05768268172762e-6,9.943837153460207e-5,0.9999799129554668,0.9999005616284654,0.9999959423173183
pfizer,covidadmittedproxy1,prior_covid_infection-TRUE,prior_covid_infection,TRUE,BNT162b2,COVID-19 hospitalisation (A&E proxy),No prior SARS-CoV-2 infection,Prior SARS-CoV-2 infection,No prior SARS-CoV-2 infection,2,3,Full adjustment,28,70,-8.650274588188122,1.4313405199716238,0.8402178968184999,-10.295275333865824,7.400754773303108e-25,-10.297071405118373,-7.003477771257871,49,1.7507876699529313e-4,3.373173726697861e-5,9.087161568342698e-4,0.9998249212330047,0.9990912838431657,0.999966268262733
pfizer,covidadmitted,prior_covid_infection-FALSE,prior_covid_infection,FALSE,BNT162b2,COVID-19 hospitalisation,Prior SARS-CoV-2 infection,Prior SARS-CoV-2 infection,Prior SARS-CoV-2 infection,1,0,Unadjusted,0,28,-1.4550166716684347,0.05286441811670827,0.05286552906400784,-27.522975697580712,9.323020256937777e-167,-1.5586312046575457,-1.351402138679324,14,0.23339647276010783,0.210423901421699,0.25887702456239303,0.7666035272398921,0.741122975437607,0.789576098578301
pfizer,covidadmitted,prior_covid_infection-FALSE,prior_covid_infection,FALSE,BNT162b2,COVID-19 hospitalisation,Prior SARS-CoV-2 infection,Prior SARS-CoV-2 infection,Prior SARS-CoV-2 infection,1,3,Full adjustment,0,28,-1.4619570161459186,0.052926064597181265,0.052933565245468994,-27.618714314185727,6.632712106062207e-168,-1.565704897600339,-1.3582091346914982,14,0.23178222902274742,0.20894067946822562,0.2571208336618968,0.7682177709772526,0.7428791663381031,0.7910593205317744
pfizer,covidadmitted,prior_covid_infection-FALSE,prior_covid_infection,FALSE,BNT162b2,COVID-19 hospitalisation,Prior SARS-CoV-2 infection,Prior SARS-CoV-2 infection,Prior SARS-CoV-2 infection,2,0,Unadjusted,28,70,-1.897200933187083,0.08919606733164477,0.08918914610706713,-21.2716571017463,2.0780844650567297e-100,-2.072008447368815,-1.7223934190053507,49,0.14998785824625355,0.12593259854142957,0.17863808006707138,0.8500121417537465,0.8213619199329286,0.8740674014585704
pfizer,covidadmitted,prior_covid_infection-FALSE,prior_covid_infection,FALSE,BNT162b2,COVID-19 hospitalisation,Prior SARS-CoV-2 infection,Prior SARS-CoV-2 infection,Prior SARS-CoV-2 infection,2,3,Full adjustment,28,70,-1.9024425774234746,0.08937078472622773,0.08927320620553057,-21.3103422436016,9.102756201703649e-101,-2.0774148463707323,-1.727470308476217,49,0.14920373210399593,0.1252535938055231,0.17773345256924153,0.850796267896004,0.8222665474307584,0.874746406194477
pfizer,covidadmitted,prior_covid_infection-TRUE,prior_covid_infection,TRUE,BNT162b2,COVID-19 hospitalisation,No prior SARS-CoV-2 infection,Prior SARS-CoV-2 infection,No prior SARS-CoV-2 infection,1,0,Unadjusted,0,28,-1.2776375972878542,0.2855600972878864,0.2855640290437944,-4.474084504151307,7.673939069506605e-6,-1.8373328094938413,-0.7179423850818674,14,0.2786949129928444,0.15924158784667447,0.48775483577113254,0.7213050870071556,0.5122451642288675,0.8407584121533256
pfizer,covidadmitted,prior_covid_infection-TRUE,prior_covid_infection,TRUE,BNT162b2,COVID-19 hospitalisation,No prior SARS-CoV-2 infection,Prior SARS-CoV-2 infection,No prior SARS-CoV-2 infection,1,3,Full adjustment,0,28,-1.3034902023205979,0.28645854830469086,0.28586149503446817,-4.5598663162502096,5.11861953213274e-6,-1.8637684371549308,-0.7432119674862648,14,0.27158225993274093,0.15508709181926578,0.4755838996331761,0.7284177400672591,0.524416100366824,0.8449129081807343
pfizer,covidadmitted,prior_covid_infection-TRUE,prior_covid_infection,TRUE,BNT162b2,COVID-19 hospitalisation,No prior SARS-CoV-2 infection,Prior SARS-CoV-2 infection,No prior SARS-CoV-2 infection,2,0,Unadjusted,28,70,-1.5163304888292732,0.37250565002607267,0.37250264193085414,-4.070657005194455,4.688073225200004e-5,-2.246422251159767,-0.7862387264987795,49,0.2195159269792665,0.10577699189065246,0.4555550440248904,0.7804840730207335,0.5444449559751097,0.8942230081093475
pfizer,covidadmitted,prior_covid_infection-TRUE,prior_covid_infection,TRUE,BNT162b2,COVID-19 hospitalisation,No prior SARS-CoV-2 infection,Prior SARS-CoV-2 infection,No prior SARS-CoV-2 infection,2,3,Full adjustment,28,70,-1.6076212385254034,0.3781534413448134,0.37657829338022164,-4.269022582515739,1.9633139325705036e-5,-2.345701130910196,-0.8695413461406108,49,0.2003636650120918,0.09578002424742628,0.4191437470653646,0.7996363349879082,0.5808562529346354,0.9042199757525737
pfizer,noncovidadmitted,prior_covid_infection-FALSE,prior_covid_infection,FALSE,BNT162b2,Non-COVID-19 hospitalisation,Prior SARS-CoV-2 infection,Prior SARS-CoV-2 infection,Prior SARS-CoV-2 infection,1,0,Unadjusted,0,28,-0.5457580400297092,0.010100682546026462,0.010087457333475113,-54.102636768397254,0,-0.5655290930989049,-0.5259869869605135,14,0.5794024066107909,0.5680595108653997,0.5909717949708287,0.4205975933892091,0.40902820502917125,0.43194048913460026
pfizer,noncovidadmitted,prior_covid_infection-FALSE,prior_covid_infection,FALSE,BNT162b2,Non-COVID-19 hospitalisation,Prior SARS-CoV-2 infection,Prior SARS-CoV-2 infection,Prior SARS-CoV-2 infection,1,3,Full adjustment,0,28,-0.5617177476325947,0.01011905399963008,0.01011170484230696,-55.55124050717844,0,-0.5815363249458156,-0.5418991703193738,14,0.570228713070343,0.5590388411619467,0.5816425644665795,0.42977128692965705,0.41835743553342053,0.4409611588380533
pfizer,noncovidadmitted,prior_covid_infection-FALSE,prior_covid_infection,FALSE,BNT162b2,Non-COVID-19 hospitalisation,Prior SARS-CoV-2 infection,Prior SARS-CoV-2 infection,Prior SARS-CoV-2 infection,2,0,Unadjusted,28,70,-0.5568911441965088,0.019099141962827304,0.019097583523593382,-29.160293683675675,6.185925390718219e-187,-0.5943217200944974,-0.5194605682985202,49,0.5729876336880642,0.5519368065785144,0.5948413377152508,0.42701236631193584,0.40515866228474917,0.4480631934214856
pfizer,noncovidadmitted,prior_covid_infection-FALSE,prior_covid_infection,FALSE,BNT162b2,Non-COVID-19 hospitalisation,Prior SARS-CoV-2 infection,Prior SARS-CoV-2 infection,Prior SARS-CoV-2 infection,2,3,Full adjustment,28,70,-0.5861085056403867,0.019145366993178096,0.019159791314517807,-30.590547465737746,1.6349279629360187e-205,-0.6236610065681449,-0.5485560047126286,49,0.5564886489772188,0.5359786201063603,0.5777835249828379,0.44351135102278116,0.4222164750171621,0.4640213798936397
pfizer,noncovidadmitted,prior_covid_infection-TRUE,prior_covid_infection,TRUE,BNT162b2,Non-COVID-19 hospitalisation,No prior SARS-CoV-2 infection,Prior SARS-CoV-2 infection,No prior SARS-CoV-2 infection,1,0,Unadjusted,0,28,-0.36922582153860806,0.03293583066103584,0.03286571338590274,-11.234377212605462,2.7643626544822257e-29,-0.4336414361011934,-0.30481020697602274,14,0.6912692893287073,0.6481446150851545,0.7372632885428427,0.30873071067129265,0.26273671145715727,0.35185538491484547
pfizer,noncovidadmitted,prior_covid_infection-TRUE,prior_covid_infection,TRUE,BNT162b2,Non-COVID-19 hospitalisation,No prior SARS-CoV-2 infection,Prior SARS-CoV-2 infection,No prior SARS-CoV-2 infection,1,3,Full adjustment,0,28,-0.3833958364308802,0.03303105391932102,0.03290359400538946,-11.652096010183012,2.2388343411075627e-31,-0.44788569564337155,-0.31890597721838887,14,0.6815430663097934,0.6389777177947304,0.7269438953803627,0.31845693369020656,0.27305610461963725,0.36102228220526955
pfizer,noncovidadmitted,prior_covid_infection-TRUE,prior_covid_infection,TRUE,BNT162b2,Non-COVID-19 hospitalisation,No prior SARS-CoV-2 infection,Prior SARS-CoV-2 infection,No prior SARS-CoV-2 infection,2,0,Unadjusted,28,70,-0.3981612005633327,0.06465135483935405,0.06465039829933361,-6.158681323506042,7.335316464453318e-10,-0.5248736528161961,-0.2714487483104693,49,0.6715537640910902,0.5916301104430456,0.7622743503152491,0.32844623590890976,0.23772564968475085,0.4083698895569544
pfizer,noncovidadmitted,prior_covid_infection-TRUE,prior_covid_infection,TRUE,BNT162b2,Non-COVID-19 hospitalisation,No prior SARS-CoV-2 infection,Prior SARS-CoV-2 infection,No prior SARS-CoV-2 infection,2,3,Full adjustment,28,70,-0.4395336683692528,0.06507356697582022,0.06440131794772472,-6.8249172901403545,8.797598716460761e-12,-0.5657579321037062,-0.3133094046347994,49,0.6443368256762836,0.5679295315649995,0.731023695454853,0.3556631743237164,0.268976304545147,0.4320704684350005
pfizer,coviddeath,prior_covid_infection-FALSE,prior_covid_infection,FALSE,BNT162b2,COVID-19 death,Prior SARS-CoV-2 infection,Prior SARS-CoV-2 infection,Prior SARS-CoV-2 infection,1,0,Unadjusted,0,28,-1.5995257674826087,0.1675172413185034,0.16752531357195413,-9.547964623242404,1.3226929649142353e-21,-1.9278693485824179,-1.2711821863827995,14,0.20199228659513396,0.1454577883954548,0.28049982262211864,0.798007713404866,0.7195001773778813,0.8545422116045451
pfizer,coviddeath,prior_covid_infection-FALSE,prior_covid_infection,FALSE,BNT162b2,COVID-19 death,Prior SARS-CoV-2 infection,Prior SARS-CoV-2 infection,Prior SARS-CoV-2 infection,1,3,Full adjustment,0,28,-1.6421824882217926,0.1678447722577933,0.16752042541993611,-9.802879165959672,1.0942138331316351e-22,-1.9705164887196955,-1.3138484877238898,14,0.1935571447856054,0.13938484691952685,0.26878365278246974,0.8064428552143946,0.7312163472175303,0.8606151530804731
pfizer,coviddeath,prior_covid_infection-FALSE,prior_covid_infection,FALSE,BNT162b2,COVID-19 death,Prior SARS-CoV-2 infection,Prior SARS-CoV-2 infection,Prior SARS-CoV-2 infection,2,0,Unadjusted,28,70,-2.739940273770464,0.23688202258636848,0.23686337772405808,-11.567597743887825,6.014307845760404e-31,-3.2041839633661247,-2.275696584174803,49,0.06457420355169895,0.04059201269551882,0.10272532666990862,0.935425796448301,0.8972746733300914,0.9594079873044812
pfizer,coviddeath,prior_covid_infection-FALSE,prior_covid_infection,FALSE,BNT162b2,COVID-19 death,Prior SARS-CoV-2 infection,Prior SARS-CoV-2 infection,Prior SARS-CoV-2 infection,2,3,Full adjustment,28,70,-2.8030409016688815,0.23728553104507935,0.235959453228833,-11.879332924841533,1.5157209632939072e-32,-3.2655129318091576,-2.3405688715286055,49,0.0606254260773685,0.03817734768459266,0.09627285576325618,0.9393745739226315,0.9037271442367438,0.9618226523154073
pfizer,coviddeath,prior_covid_infection-TRUE,prior_covid_infection,TRUE,BNT162b2,COVID-19 death,No prior SARS-CoV-2 infection,Prior SARS-CoV-2 infection,No prior SARS-CoV-2 infection,1,0,Unadjusted,0,28,NA,0,0,NA,NA,NA,NA,14,NA,NA,NA,NA,NA,NA
pfizer,coviddeath,prior_covid_infection-TRUE,prior_covid_infection,TRUE,BNT162b2,COVID-19 death,No prior SARS-CoV-2 infection,Prior SARS-CoV-2 infection,No prior SARS-CoV-2 infection,1,3,Full adjustment,0,28,NA,0,0,NA,NA,NA,NA,14,NA,NA,NA,NA,NA,NA
pfizer,coviddeath,prior_covid_infection-TRUE,prior_covid_infection,TRUE,BNT162b2,COVID-19 death,No prior SARS-CoV-2 infection,Prior SARS-CoV-2 infection,No prior SARS-CoV-2 infection,2,0,Unadjusted,28,70,-3.8306594179425586,6615.045945193126,0.4475838447014082,-8.558529230424,1.1431649731326818e-17,-4.707907633619287,-2.95341120226583,49,0.021695304638756924,0.009023638601515834,0.0521614687992269,0.9783046953612431,0.9478385312007731,0.9909763613984842
pfizer,coviddeath,prior_covid_infection-TRUE,prior_covid_infection,TRUE,BNT162b2,COVID-19 death,No prior SARS-CoV-2 infection,Prior SARS-CoV-2 infection,No prior SARS-CoV-2 infection,2,3,Full adjustment,28,70,NA,0,0,NA,NA,NA,NA,49,NA,NA,NA,NA,NA,NA
pfizer,noncoviddeath,prior_covid_infection-FALSE,prior_covid_infection,FALSE,BNT162b2,Non-COVID-19 death,Prior SARS-CoV-2 infection,Prior SARS-CoV-2 infection,Prior SARS-CoV-2 infection,1,0,Unadjusted,0,28,-1.4658531577160112,0.04136289974268872,0.04136304764563811,-35.43871259860106,4.328990774216707e-275,-1.5469232413922762,-1.3847830740397462,14,0.23088092958029302,0.2129020152550298,0.2503781074124937,0.769119070419707,0.7496218925875062,0.7870979847449702
pfizer,noncoviddeath,prior_covid_infection-FALSE,prior_covid_infection,FALSE,BNT162b2,Non-COVID-19 death,Prior SARS-CoV-2 infection,Prior SARS-CoV-2 infection,Prior SARS-CoV-2 infection,1,3,Full adjustment,0,28,-1.507879623617021,0.04141793538642953,0.041481810914897055,-36.35038081414877,2.5915283559126156e-289,-1.58918247902372,-1.4265767682103223,14,0.22137888721577967,0.20409239336385834,0.24012953592799394,0.7786211127842203,0.7598704640720061,0.7959076066361417
pfizer,noncoviddeath,prior_covid_infection-FALSE,prior_covid_infection,FALSE,BNT162b2,Non-COVID-19 death,Prior SARS-CoV-2 infection,Prior SARS-CoV-2 infection,Prior SARS-CoV-2 infection,2,0,Unadjusted,28,70,-1.7842832702028888,0.05364359230433879,0.053645433500822286,-33.2606739057396,1.4309079628791111e-242,-1.889426387799539,-1.6791401526062386,49,0.1679173692627805,0.15115849032746878,0.18653429813336206,0.8320826307372196,0.8134657018666379,0.8488415096725312
pfizer,noncoviddeath,prior_covid_infection-FALSE,prior_covid_infection,FALSE,BNT162b2,Non-COVID-19 death,Prior SARS-CoV-2 infection,Prior SARS-CoV-2 infection,Prior SARS-CoV-2 infection,2,3,Full adjustment,28,70,-1.831873971912974,0.053770770165429825,0.05386178371847401,-34.01064438355503,1.5507447304738044e-253,-1.937441128144269,-1.726306815681679,49,0.1601132387466747,0.1440721406460677,0.17794036450758727,0.8398867612533253,0.8220596354924128,0.8559278593539323
pfizer,noncoviddeath,prior_covid_infection-TRUE,prior_covid_infection,TRUE,BNT162b2,Non-COVID-19 death,No prior SARS-CoV-2 infection,Prior SARS-CoV-2 infection,No prior SARS-CoV-2 infection,1,0,Unadjusted,0,28,-1.2187864338569008,0.1718755863053689,0.1718728462496706,-7.0912099290334325,1.3294449416409193e-12,-1.555651022426645,-0.8819218452871563,14,0.29558866574603304,0.21105193836111127,0.4139865286052235,0.704411334253967,0.5860134713947764,0.7889480616388888
pfizer,noncoviddeath,prior_covid_infection-TRUE,prior_covid_infection,TRUE,BNT162b2,Non-COVID-19 death,No prior SARS-CoV-2 infection,Prior SARS-CoV-2 infection,No prior SARS-CoV-2 infection,1,3,Full adjustment,0,28,-1.3050713322383984,0.1730625952070628,0.17221015639446702,-7.578364479554757,3.4993816696344635e-14,-1.6425970365435638,-0.9675456279332331,14,0.2711531923915685,0.19347692262519753,0.38001459164496515,0.7288468076084316,0.6199854083550349,0.8065230773748024
pfizer,noncoviddeath,prior_covid_infection-TRUE,prior_covid_infection,TRUE,BNT162b2,Non-COVID-19 death,No prior SARS-CoV-2 infection,Prior SARS-CoV-2 infection,No prior SARS-CoV-2 infection,2,0,Unadjusted,28,70,-1.1869053615785772,0.1963186268298082,0.19627271479701194,-6.04722547811137,1.4736145892707191e-9,-1.5715928137286224,-0.8022179094285321,49,0.30516417711406457,0.20771406890541863,0.4483334975066526,0.6948358228859355,0.5516665024933474,0.7922859310945813
pfizer,noncoviddeath,prior_covid_infection-TRUE,prior_covid_infection,TRUE,BNT162b2,Non-COVID-19 death,No prior SARS-CoV-2 infection,Prior SARS-CoV-2 infection,No prior SARS-CoV-2 infection,2,3,Full adjustment,28,70,-1.3337581534920233,0.19937046389966345,0.19273729776326048,-6.920083289381179,4.513781819262911e-12,-1.7115163155855861,-0.9559999913984605,49,0.26348518052028774,0.18059175081631088,0.38442752805704705,0.7365148194797122,0.615572471942953,0.8194082491836892
moderna,postest,prior_covid_infection-FALSE,prior_covid_infection,FALSE,mRNA-1273,Positive SARS-CoV-2 test,Prior SARS-CoV-2 infection,Prior SARS-CoV-2 infection,Prior SARS-CoV-2 infection,1,0,Unadjusted,0,28,-0.5912308914132123,0.010430644061030357,0.010430827077295552,-56.68111330309805,0,-0.6116749368136768,-0.5707868460127478,14,0.5536453877962558,0.5424415524376829,0.5650806322830159,0.44635461220374417,0.43491936771698414,0.4575584475623171
moderna,postest,prior_covid_infection-FALSE,prior_covid_infection,FALSE,mRNA-1273,Positive SARS-CoV-2 test,Prior SARS-CoV-2 infection,Prior SARS-CoV-2 infection,Prior SARS-CoV-2 infection,1,3,Full adjustment,0,28,-0.7061080564916841,0.010498248167028617,0.010501373256535327,-67.23959231258172,0,-0.7266903698627054,-0.6855257431206627,14,0.4935613772614184,0.48350657285298726,0.5038252772589649,0.5064386227385815,0.49617472274103513,0.5164934271470127
moderna,postest,prior_covid_infection-FALSE,prior_covid_infection,FALSE,mRNA-1273,Positive SARS-CoV-2 test,Prior SARS-CoV-2 infection,Prior SARS-CoV-2 infection,Prior SARS-CoV-2 infection,2,0,Unadjusted,28,70,-0.659071492816784,0.032949567240732676,0.032946526955626165,-20.00427825683874,5.054495086722275e-89,-0.7236454990654894,-0.5944974865680787,49,0.5173314575327819,0.4849810315258354,0.5518398031176103,0.48266854246721813,0.4481601968823897,0.5150189684741646
moderna,postest,prior_covid_infection-FALSE,prior_covid_infection,FALSE,mRNA-1273,Positive SARS-CoV-2 test,Prior SARS-CoV-2 infection,Prior SARS-CoV-2 infection,Prior SARS-CoV-2 infection,2,3,Full adjustment,28,70,-0.8445720458073341,0.033087071979976,0.033030278902221426,-25.569631074187907,3.321831679655889e-144,-0.9093102028550013,-0.779833888759667,49,0.42974122842438406,0.4028019798807489,0.4584821640210735,0.570258771575616,0.5415178359789266,0.597198020119251
moderna,postest,prior_covid_infection-TRUE,prior_covid_infection,TRUE,mRNA-1273,Positive SARS-CoV-2 test,No prior SARS-CoV-2 infection,Prior SARS-CoV-2 infection,No prior SARS-CoV-2 infection,1,0,Unadjusted,0,28,-0.9980742567019918,0.047249715506523855,0.04725341076218531,-21.121740009944507,5.021106873750859e-99,-1.0906892399425523,-0.9054592734614312,14,0.36858856511594695,0.3359848397116895,0.40435613241005985,0.631411434884053,0.5956438675899401,0.6640151602883104
moderna,postest,prior_covid_infection-TRUE,prior_covid_infection,TRUE,mRNA-1273,Positive SARS-CoV-2 test,No prior SARS-CoV-2 infection,Prior SARS-CoV-2 infection,No prior SARS-CoV-2 infection,1,3,Full adjustment,0,28,-1.0735114620553796,0.04750940833332457,0.047505064305540114,-22.59783199430771,4.5517693023156453e-113,-1.1666196771774975,-0.9804032469332618,14,0.34180616826228905,0.3114178569368115,0.3751597863119777,0.658193831737711,0.6248402136880222,0.6885821430631884
moderna,postest,prior_covid_infection-TRUE,prior_covid_infection,TRUE,mRNA-1273,Positive SARS-CoV-2 test,No prior SARS-CoV-2 infection,Prior SARS-CoV-2 infection,No prior SARS-CoV-2 infection,2,0,Unadjusted,28,70,-1.1027565211242798,0.12757902702791724,0.12751920120826266,-8.647768419779172,5.251626728843077e-18,-1.352689562829791,-0.8528234794187686,49,0.3319547810082677,0.258543954476211,0.42620983676640595,0.6680452189917323,0.573790163233594,0.7414560455237891
moderna,postest,prior_covid_infection-TRUE,prior_covid_infection,TRUE,mRNA-1273,Positive SARS-CoV-2 test,No prior SARS-CoV-2 infection,Prior SARS-CoV-2 infection,No prior SARS-CoV-2 infection,2,3,Full adjustment,28,70,-1.2377457525097786,0.1283090093392845,0.12640536602703395,-9.791876653757448,1.2200997957502747e-22,-1.485495717375368,-0.9899957876441892,49,0.2900372974108705,0.22639008735589336,0.37157825623857593,0.7099627025891295,0.6284217437614241,0.7736099126441066
moderna,covidemergency,prior_covid_infection-FALSE,prior_covid_infection,FALSE,mRNA-1273,COVID-19 A&E attendance,Prior SARS-CoV-2 infection,Prior SARS-CoV-2 infection,Prior SARS-CoV-2 infection,1,0,Unadjusted,0,28,-1.0810714592329618,0.18476182129452137,0.18476161112251854,-5.851169258943543,4.881291583465537e-9,-1.443197562758693,-0.7189453557072305,14,0.3392318577459701,0.23617137723749113,0.4872658772449836,0.6607681422540299,0.5127341227550164,0.7638286227625088
moderna,covidemergency,prior_covid_infection-FALSE,prior_covid_infection,FALSE,mRNA-1273,COVID-19 A&E attendance,Prior SARS-CoV-2 infection,Prior SARS-CoV-2 infection,Prior SARS-CoV-2 infection,1,3,Full adjustment,0,28,-1.1416148642668116,0.18556903150084553,0.1863024956282698,-6.1277486402795205,8.913124695590292e-10,-1.5067610459281513,-0.776468682605472,14,0.319302974291625,0.22162665524786815,0.46002765000199075,0.680697025708375,0.5399723499980092,0.7783733447521318
moderna,covidemergency,prior_covid_infection-FALSE,prior_covid_infection,FALSE,mRNA-1273,COVID-19 A&E attendance,Prior SARS-CoV-2 infection,Prior SARS-CoV-2 infection,Prior SARS-CoV-2 infection,2,0,Unadjusted,28,70,-17.21617421698204,918.638403796933,0.1685968033655454,-102.11447591716531,0,-17.54661787948709,-16.88573055447699,49,3.335112883665543e-8,2.396628275730514e-8,4.641094348852038e-8,0.9999999666488711,0.9999999535890565,0.9999999760337173
moderna,covidemergency,prior_covid_infection-FALSE,prior_covid_infection,FALSE,mRNA-1273,COVID-19 A&E attendance,Prior SARS-CoV-2 infection,Prior SARS-CoV-2 infection,Prior SARS-CoV-2 infection,2,3,Full adjustment,28,70,-18.34957677535434,1556.411736151553,0.17545712810507902,-104.58154065057428,0,-18.693466427271126,-18.005687123437554,49,1.0736928504059004e-8,7.612559199896629e-9,1.5143610798171545e-8,0.9999999892630715,0.9999999848563892,0.9999999923874408
moderna,covidemergency,prior_covid_infection-TRUE,prior_covid_infection,TRUE,mRNA-1273,COVID-19 A&E attendance,No prior SARS-CoV-2 infection,Prior SARS-CoV-2 infection,No prior SARS-CoV-2 infection,1,0,Unadjusted,0,28,NA,0,0,NA,NA,NA,NA,14,NA,NA,NA,NA,NA,NA
moderna,covidemergency,prior_covid_infection-TRUE,prior_covid_infection,TRUE,mRNA-1273,COVID-19 A&E attendance,No prior SARS-CoV-2 infection,Prior SARS-CoV-2 infection,No prior SARS-CoV-2 infection,1,3,Full adjustment,0,28,NA,0,0,NA,NA,NA,NA,14,NA,NA,NA,NA,NA,NA
moderna,covidemergency,prior_covid_infection-TRUE,prior_covid_infection,TRUE,mRNA-1273,COVID-19 A&E attendance,No prior SARS-CoV-2 infection,Prior SARS-CoV-2 infection,No prior SARS-CoV-2 infection,2,0,Unadjusted,28,70,-15.365137131784568,1.4142136577488051,0.6324803963571775,-24.293459876829907,2.2985531675214064e-130,-16.604775929572256,-14.125498333996882,49,2.1232724757728524e-7,6.14663522605394e-8,7.33455921910764e-7,0.9999997876727524,0.9999992665440781,0.9999999385336478
moderna,covidemergency,prior_covid_infection-TRUE,prior_covid_infection,TRUE,mRNA-1273,COVID-19 A&E attendance,No prior SARS-CoV-2 infection,Prior SARS-CoV-2 infection,No prior SARS-CoV-2 infection,2,3,Full adjustment,28,70,-10.958979776645132,1.559912142920803,0.9088191089857717,-12.058483000951847,1.7497612434173872e-33,-12.740232498719026,-9.177727054571237,49,1.7401054038640595e-5,2.930807725427754e-6,1.0331509604967235e-4,0.9999825989459613,0.9998966849039503,0.9999970691922746
moderna,covidadmittedproxy1,prior_covid_infection-FALSE,prior_covid_infection,FALSE,mRNA-1273,COVID-19 hospitalisation (A&E proxy),Prior SARS-CoV-2 infection,Prior SARS-CoV-2 infection,Prior SARS-CoV-2 infection,1,0,Unadjusted,0,28,-12.07190738722941,0.3868151136452937,0.23135408418364045,-52.17935715216149,0,-12.525353059905594,-11.618461714553227,14,5.71790895206595e-6,3.6333587576420993e-6,8.998418533636164e-6,0.9999942820910479,0.9999910015814664,0.9999963666412424
moderna,covidadmittedproxy1,prior_covid_infection-FALSE,prior_covid_infection,FALSE,mRNA-1273,COVID-19 hospitalisation (A&E proxy),Prior SARS-CoV-2 infection,Prior SARS-CoV-2 infection,Prior SARS-CoV-2 infection,1,3,Full adjustment,0,28,-12.60536621287346,0.3885514410132774,0.23666406193036615,-53.262696964029736,0,-13.069219250691933,-12.141513175054985,14,3.353968746533196e-6,2.1091632550993204e-6,5.333445064304299e-6,0.9999966460312535,0.9999946665549357,0.999997890836745
moderna,covidadmittedproxy1,prior_covid_infection-FALSE,prior_covid_infection,FALSE,mRNA-1273,COVID-19 hospitalisation (A&E proxy),Prior SARS-CoV-2 infection,Prior SARS-CoV-2 infection,Prior SARS-CoV-2 infection,2,0,Unadjusted,28,70,-18.214416562682953,3191.5031753941394,0.3571991841862954,-50.99232408432186,0,-18.91451409899518,-17.514319026370725,49,1.2290778604587287e-8,6.1028247511414916e-9,2.4753002890788447e-8,0.9999999877092214,0.9999999752469971,0.9999999938971752
moderna,covidadmittedproxy1,prior_covid_infection-FALSE,prior_covid_infection,FALSE,mRNA-1273,COVID-19 hospitalisation (A&E proxy),Prior SARS-CoV-2 infection,Prior SARS-CoV-2 infection,Prior SARS-CoV-2 infection,2,3,Full adjustment,28,70,NaN,0,0,NaN,NaN,NaN,NaN,49,NaN,NaN,NaN,NaN,NaN,NaN
moderna,covidadmittedproxy1,prior_covid_infection-TRUE,prior_covid_infection,TRUE,mRNA-1273,COVID-19 hospitalisation (A&E proxy),No prior SARS-CoV-2 infection,Prior SARS-CoV-2 infection,No prior SARS-CoV-2 infection,1,0,Unadjusted,0,28,NA,0,0,NA,NA,NA,NA,14,NA,NA,NA,NA,NA,NA
moderna,covidadmittedproxy1,prior_covid_infection-TRUE,prior_covid_infection,TRUE,mRNA-1273,COVID-19 hospitalisation (A&E proxy),No prior SARS-CoV-2 infection,Prior SARS-CoV-2 infection,No prior SARS-CoV-2 infection,1,3,Full adjustment,0,28,NA,0,0,NA,NA,NA,NA,14,NA,NA,NA,NA,NA,NA
moderna,covidadmittedproxy1,prior_covid_infection-TRUE,prior_covid_infection,TRUE,mRNA-1273,COVID-19 hospitalisation (A&E proxy),No prior SARS-CoV-2 infection,Prior SARS-CoV-2 infection,No prior SARS-CoV-2 infection,2,0,Unadjusted,28,70,NA,0,0,NA,NA,NA,NA,49,NA,NA,NA,NA,NA,NA
moderna,covidadmittedproxy1,prior_covid_infection-TRUE,prior_covid_infection,TRUE,mRNA-1273,COVID-19 hospitalisation (A&E proxy),No prior SARS-CoV-2 infection,Prior SARS-CoV-2 infection,No prior SARS-CoV-2 infection,2,3,Full adjustment,28,70,NA,0,0,NA,NA,NA,NA,49,NA,NA,NA,NA,NA,NA
moderna,covidadmitted,prior_covid_infection-FALSE,prior_covid_infection,FALSE,mRNA-1273,COVID-19 hospitalisation,Prior SARS-CoV-2 infection,Prior SARS-CoV-2 infection,Prior SARS-CoV-2 infection,1,0,Unadjusted,0,28,-1.6144983746211141,0.12876803818377874,0.1287680176057576,-12.538038595609514,4.622963135333266e-36,-1.8668790514890186,-1.3621176977532097,14,0.19899046407615387,0.1546054252163211,0.2561178221129006,0.8010095359238462,0.7438821778870994,0.8453945747836789
moderna,covidadmitted,prior_covid_infection-FALSE,prior_covid_infection,FALSE,mRNA-1273,COVID-19 hospitalisation,Prior SARS-CoV-2 infection,Prior SARS-CoV-2 infection,Prior SARS-CoV-2 infection,1,3,Full adjustment,0,28,-1.6250950874999743,0.1292242248287784,0.12985593510566776,-12.514600015606407,6.212000781894246e-36,-1.8796080434858535,-1.3705821315140951,14,0.19689295225545642,0.15264992616556317,0.253959078930855,0.8031070477445436,0.746040921069145,0.8473500738344368
moderna,covidadmitted,prior_covid_infection-FALSE,prior_covid_infection,FALSE,mRNA-1273,COVID-19 hospitalisation,Prior SARS-CoV-2 infection,Prior SARS-CoV-2 infection,Prior SARS-CoV-2 infection,2,0,Unadjusted,28,70,-2.465271467778534,0.4254938307843693,0.4254087186055315,-5.795065686146656,6.8294445670661105e-9,-3.2990572349547103,-1.6314857006023582,49,0.08498576834217461,0.03691795595836659,0.1956386975718502,0.9150142316578254,0.8043613024281497,0.9630820440416334
moderna,covidadmitted,prior_covid_infection-FALSE,prior_covid_infection,FALSE,mRNA-1273,COVID-19 hospitalisation,Prior SARS-CoV-2 infection,Prior SARS-CoV-2 infection,Prior SARS-CoV-2 infection,2,3,Full adjustment,28,70,-2.4543785756891205,0.42621839496913294,0.4272588779783689,-5.744476480634721,9.220580995455686e-9,-3.2917905886017174,-1.6169665627765242,49,0.08591656950047516,0.03718720276427351,0.19849992379157064,0.9140834304995249,0.8015000762084293,0.9628127972357265
moderna,covidadmitted,prior_covid_infection-TRUE,prior_covid_infection,TRUE,mRNA-1273,COVID-19 hospitalisation,No prior SARS-CoV-2 infection,Prior SARS-CoV-2 infection,No prior SARS-CoV-2 infection,1,0,Unadjusted,0,28,-1.1129674632087576,0.48712230509980065,0.4870940264801801,-2.2849129792275216,0.022317930830666386,-2.06765421219451,-0.1582807142230055,14,0.3285824565702561,0.12648213422715948,0.8536101278291095,0.6714175434297439,0.1463898721708905,0.8735178657728405
moderna,covidadmitted,prior_covid_infection-TRUE,prior_covid_infection,TRUE,mRNA-1273,COVID-19 hospitalisation,No prior SARS-CoV-2 infection,Prior SARS-CoV-2 infection,No prior SARS-CoV-2 infection,1,3,Full adjustment,0,28,-1.0390051324343001,0.493602010698937,0.48625616779961783,-2.1367443772198396,0.03261878844077701,-1.9920497085820161,-0.08596055628658428,14,0.3538064975337402,0.13641552661238104,0.9176304252578481,0.6461935024662597,0.0823695747421519,0.863584473387619
moderna,covidadmitted,prior_covid_infection-TRUE,prior_covid_infection,TRUE,mRNA-1273,COVID-19 hospitalisation,No prior SARS-CoV-2 infection,Prior SARS-CoV-2 infection,No prior SARS-CoV-2 infection,2,0,Unadjusted,28,70,-17.20818384991279,2719.586168492245,0.4999264936908517,-34.42142808409373,1.20547122984314e-259,-18.18802177246425,-16.228345927361328,49,3.3618684107119807e-8,1.2619510446493563e-8,8.956099572058673e-8,0.9999999663813159,0.9999999104390043,0.9999999873804896
moderna,covidadmitted,prior_covid_infection-TRUE,prior_covid_infection,TRUE,mRNA-1273,COVID-19 hospitalisation,No prior SARS-CoV-2 infection,Prior SARS-CoV-2 infection,No prior SARS-CoV-2 infection,2,3,Full adjustment,28,70,-18.907398565296845,5826.416517802574,0.5581249125726906,-33.87664327353302,1.47107288247354e-251,-20.001303292813883,-17.813493837779806,49,6.146404468915555e-9,2.0584690854829752e-9,1.835261367874332e-8,0.9999999938535955,0.9999999816473863,0.9999999979415309
moderna,noncovidadmitted,prior_covid_infection-FALSE,prior_covid_infection,FALSE,mRNA-1273,Non-COVID-19 hospitalisation,Prior SARS-CoV-2 infection,Prior SARS-CoV-2 infection,Prior SARS-CoV-2 infection,1,0,Unadjusted,0,28,-0.6607018170952533,0.025129983828299625,0.02511628635042231,-26.30571287001369,1.6497964640298795e-152,-0.7099288337674761,-0.6114748004230307,14,0.5164887266465242,0.4916791871712688,0.5425501255964819,0.48351127335347577,0.45744987440351814,0.5083208128287312
moderna,noncovidadmitted,prior_covid_infection-FALSE,prior_covid_infection,FALSE,mRNA-1273,Non-COVID-19 hospitalisation,Prior SARS-CoV-2 infection,Prior SARS-CoV-2 infection,Prior SARS-CoV-2 infection,1,3,Full adjustment,0,28,-0.6798379800766899,0.02529452292029325,0.025331373675167593,-26.837785774844765,1.1712672618659881e-158,-0.7294865601589444,-0.6301893999944355,14,0.5066990810616628,0.4821564848968876,0.5324909376748089,0.49330091893833716,0.46750906232519107,0.5178435151031124
moderna,noncovidadmitted,prior_covid_infection-FALSE,prior_covid_infection,FALSE,mRNA-1273,Non-COVID-19 hospitalisation,Prior SARS-CoV-2 infection,Prior SARS-CoV-2 infection,Prior SARS-CoV-2 infection,2,0,Unadjusted,28,70,-0.6386029195286906,0.08205500936513448,0.0820470557029503,-7.783373992611502,7.061548360931645e-15,-0.7994121937440248,-0.47779364531335644,49,0.5280296088246744,0.44959316013374917,0.6201501546700445,0.4719703911753256,0.37984984532995547,0.5504068398662508
moderna,noncovidadmitted,prior_covid_infection-FALSE,prior_covid_infection,FALSE,mRNA-1273,Non-COVID-19 hospitalisation,Prior SARS-CoV-2 infection,Prior SARS-CoV-2 infection,Prior SARS-CoV-2 infection,2,3,Full adjustment,28,70,-0.6603209035109895,0.08241623686550688,0.0824753828997999,-8.006278725777113,1.182315901313197e-15,-0.821969683605748,-0.4986721234162311,49,0.516685501693388,0.4395649972971086,0.6073365925442492,0.483314498306612,0.3926634074557508,0.5604350027028915
moderna,noncovidadmitted,prior_covid_infection-TRUE,prior_covid_infection,TRUE,mRNA-1273,Non-COVID-19 hospitalisation,No prior SARS-CoV-2 infection,Prior SARS-CoV-2 infection,No prior SARS-CoV-2 infection,1,0,Unadjusted,0,28,-0.5473525222246691,0.07650494924633414,0.07640108308163995,-7.164198466136721,7.824298270847951e-13,-0.6970958934445359,-0.39760915100480243,14,0.578479295927082,0.49802953651532295,0.6719245973998503,0.421520704072918,0.32807540260014967,0.5019704634846771
moderna,noncovidadmitted,prior_covid_infection-TRUE,prior_covid_infection,TRUE,mRNA-1273,Non-COVID-19 hospitalisation,No prior SARS-CoV-2 infection,Prior SARS-CoV-2 infection,No prior SARS-CoV-2 infection,1,3,Full adjustment,0,28,-0.5607043447061578,0.07718252940378847,0.07722125440394632,-7.261010573243207,3.842089094669471e-13,-0.7120552221788976,-0.40935346723341803,14,0.5708068774241503,0.49063479702859875,0.6640794605029147,0.42919312257584974,0.33592053949708534,0.5093652029714013
moderna,noncovidadmitted,prior_covid_infection-TRUE,prior_covid_infection,TRUE,mRNA-1273,Non-COVID-19 hospitalisation,No prior SARS-CoV-2 infection,Prior SARS-CoV-2 infection,No prior SARS-CoV-2 infection,2,0,Unadjusted,28,70,-0.20486507016245462,0.255974641962007,0.2559165219878917,-0.8005152171150071,0.42341235059802435,-0.7064522363074751,0.29672209598256594,49,0.8147572440575677,0.493391532627735,1.3454413439339334,0.18524275594243234,-0.34544134393393344,0.5066084673722651
moderna,noncovidadmitted,prior_covid_infection-TRUE,prior_covid_infection,TRUE,mRNA-1273,Non-COVID-19 hospitalisation,No prior SARS-CoV-2 infection,Prior SARS-CoV-2 infection,No prior SARS-CoV-2 infection,2,3,Full adjustment,28,70,-0.28542269089787703,0.2595849342203097,0.25164899735965346,-1.134209529513661,0.25670666763872213,-0.7786456624684129,0.20780028067265877,49,0.7516964519098327,0.45902726837195973,1.2309672970363954,0.2483035480901673,-0.2309672970363954,0.5409727316280403
moderna,coviddeath,prior_covid_infection-FALSE,prior_covid_infection,FALSE,mRNA-1273,COVID-19 death,Prior SARS-CoV-2 infection,Prior SARS-CoV-2 infection,Prior SARS-CoV-2 infection,1,0,Unadjusted,0,28,-16.691166428141575,0.6324555245831468,0.23904889425078882,-69.82323210677849,0,-17.159693651417246,-16.222639204865903,14,5.63791499718498e-8,3.5289031226641214e-8,9.007355659989504e-8,0.99999994362085,0.9999999099264434,0.9999999647109687
moderna,coviddeath,prior_covid_infection-FALSE,prior_covid_infection,FALSE,mRNA-1273,COVID-19 death,Prior SARS-CoV-2 infection,Prior SARS-CoV-2 infection,Prior SARS-CoV-2 infection,1,3,Full adjustment,0,28,-17.874183948847957,0.6369227332379944,0.24623643756318,-72.58951650590603,0,-18.356798498153235,-17.39156939954268,14,1.727191700626949e-8,1.0659668692939915e-8,2.798577757571801e-8,0.999999982728083,0.9999999720142224,0.9999999893403313
moderna,coviddeath,prior_covid_infection-FALSE,prior_covid_infection,FALSE,mRNA-1273,COVID-19 death,Prior SARS-CoV-2 infection,Prior SARS-CoV-2 infection,Prior SARS-CoV-2 infection,2,0,Unadjusted,28,70,-19.208182793790733,4063.570907251888,0.27297582495004535,-70.36587506349998,0,-19.743205579342934,-18.673160008238533,49,4.549798940819741e-9,2.6646168005145143e-9,7.768723216744454e-9,0.999999995450201,0.9999999922312768,0.9999999973353833
moderna,coviddeath,prior_covid_infection-FALSE,prior_covid_infection,FALSE,mRNA-1273,COVID-19 death,Prior SARS-CoV-2 infection,Prior SARS-CoV-2 infection,Prior SARS-CoV-2 infection,2,3,Full adjustment,28,70,NaN,0,0,NaN,NaN,NaN,NaN,49,NaN,NaN,NaN,NaN,NaN,NaN
moderna,coviddeath,prior_covid_infection-TRUE,prior_covid_infection,TRUE,mRNA-1273,COVID-19 death,No prior SARS-CoV-2 infection,Prior SARS-CoV-2 infection,No prior SARS-CoV-2 infection,1,0,Unadjusted,0,28,NA,0,0,NA,NA,NA,NA,14,NA,NA,NA,NA,NA,NA
moderna,coviddeath,prior_covid_infection-TRUE,prior_covid_infection,TRUE,mRNA-1273,COVID-19 death,No prior SARS-CoV-2 infection,Prior SARS-CoV-2 infection,No prior SARS-CoV-2 infection,1,3,Full adjustment,0,28,NA,0,0,NA,NA,NA,NA,14,NA,NA,NA,NA,NA,NA
moderna,coviddeath,prior_covid_infection-TRUE,prior_covid_infection,TRUE,mRNA-1273,COVID-19 death,No prior SARS-CoV-2 infection,Prior SARS-CoV-2 infection,No prior SARS-CoV-2 infection,2,0,Unadjusted,28,70,NA,0,0,NA,NA,NA,NA,49,NA,NA,NA,NA,NA,NA
moderna,coviddeath,prior_covid_infection-TRUE,prior_covid_infection,TRUE,mRNA-1273,COVID-19 death,No prior SARS-CoV-2 infection,Prior SARS-CoV-2 infection,No prior SARS-CoV-2 infection,2,3,Full adjustment,28,70,NA,0,0,NA,NA,NA,NA,49,NA,NA,NA,NA,NA,NA
moderna,noncoviddeath,prior_covid_infection-FALSE,prior_covid_infection,FALSE,mRNA-1273,Non-COVID-19 death,Prior SARS-CoV-2 infection,Prior SARS-CoV-2 infection,Prior SARS-CoV-2 infection,1,0,Unadjusted,0,28,-1.9045883437686837,0.12461767577237454,0.12461768387333291,-15.28345163038493,9.857817746441138e-53,-2.148834515997214,-1.6603421715401534,14,0.1488839190018732,0.11661999734000429,0.19007393108345202,0.8511160809981269,0.809926068916548,0.8833800026599957
moderna,noncoviddeath,prior_covid_infection-FALSE,prior_covid_infection,FALSE,mRNA-1273,Non-COVID-19 death,Prior SARS-CoV-2 infection,Prior SARS-CoV-2 infection,Prior SARS-CoV-2 infection,1,3,Full adjustment,0,28,-1.9769162993789995,0.12505125793241476,0.1252939368925103,-15.778227968644615,4.393502108851356e-56,-2.222487903169554,-1.731344695588445,14,0.13849565864368307,0.10833923572713959,0.17704617661745814,0.8615043413563169,0.8229538233825419,0.8916607642728605
moderna,noncoviddeath,prior_covid_infection-FALSE,prior_covid_infection,FALSE,mRNA-1273,Non-COVID-19 death,Prior SARS-CoV-2 infection,Prior SARS-CoV-2 infection,Prior SARS-CoV-2 infection,2,0,Unadjusted,28,70,-1.9161996244117927,0.2874107623054212,0.28739981871519654,-6.66736545965146,2.6043601527896918e-11,-2.4794929182569185,-1.3529063305666669,49,0.14716518370425344,0.08378570102134769,0.25848791656214154,0.8528348162957465,0.7415120834378585,0.9162142989786524
moderna,noncoviddeath,prior_covid_infection-FALSE,prior_covid_infection,FALSE,mRNA-1273,Non-COVID-19 death,Prior SARS-CoV-2 infection,Prior SARS-CoV-2 infection,Prior SARS-CoV-2 infection,2,3,Full adjustment,28,70,-2.065742375488804,0.28876178033877176,0.2879053938365858,-7.175073547463,7.226832471641287e-13,-2.630026578363332,-1.5014581726142757,49,0.12672417871503408,0.07207654653666654,0.222805034961413,0.873275821284966,0.777194965038587,0.9279234534633335
moderna,noncoviddeath,prior_covid_infection-TRUE,prior_covid_infection,TRUE,mRNA-1273,Non-COVID-19 death,No prior SARS-CoV-2 infection,Prior SARS-CoV-2 infection,No prior SARS-CoV-2 infection,1,0,Unadjusted,0,28,-1.3081010404834044,0.5178795561310368,0.5178677528261328,-2.5259364641740527,0.0115390347649491,-2.3231031847773154,-0.29309889618949336,14,0.27033292054855157,0.09796909719574483,0.745948365598327,0.7296670794514484,0.254051634401673,0.9020309028042551
moderna,noncoviddeath,prior_covid_infection-TRUE,prior_covid_infection,TRUE,mRNA-1273,Non-COVID-19 death,No prior SARS-CoV-2 infection,Prior SARS-CoV-2 infection,No prior SARS-CoV-2 infection,1,3,Full adjustment,0,28,-1.3011935897906448,0.529258324815886,0.48518129949261135,-2.681870861781762,0.007321171528077726,-2.2521314627685047,-0.3502557168127852,14,0.2722066959231133,0.1051748092902419,0.7045079121645996,0.7277933040768867,0.2954920878354004,0.8948251907097581
moderna,noncoviddeath,prior_covid_infection-TRUE,prior_covid_infection,TRUE,mRNA-1273,Non-COVID-19 death,No prior SARS-CoV-2 infection,Prior SARS-CoV-2 infection,No prior SARS-CoV-2 infection,2,0,Unadjusted,28,70,-17.206830818903427,2719.7437570896027,0.49994753697314764,-34.4172729064322,1.3909814652725926e-259,-18.186709985530303,-16.22695165227655,49,3.3664202015837565e-8,1.2636075417891203e-8,8.968595547938345e-8,0.999999966335798,0.9999999103140446,0.9999999873639246
moderna,noncoviddeath,prior_covid_infection-TRUE,prior_covid_infection,TRUE,mRNA-1273,Non-COVID-19 death,No prior SARS-CoV-2 infection,Prior SARS-CoV-2 infection,No prior SARS-CoV-2 infection,2,3,Full adjustment,28,70,-18.8972087368016,5679.158321134944,0.5403513080434957,-34.97207919274707,5.980391692129356e-268,-19.95627783956596,-17.83813963403724,49,6.209355461529203e-9,2.1532708192145067e-9,1.790582722041778e-8,0.9999999937906445,0.9999999820941727,0.9999999978467292
